"Modified","CVE-2004-0481","NVD-CWE-Other",,,,,,,,,,,,,"nvd@nist.gov",2.1,LOW,"AV:L/AC:L/Au:N/C:N/I:P/A:N","cpe:2.3:o:sun:solaris:8.0:*:x86:*:*:*:*:*" "cpe:2.3:o:sun:solaris:9.0:*:sparc:*:*:*:*:*" "cpe:2.3:o:sun:solaris:9.0:*:x86:*:*:*:*:*" "cpe:2.3:o:sun:sunos:5.8:*:*:*:*:*:*:*"
"Modified","CVE-2004-0848","NVD-CWE-Other",,,,,,,,,,,,,"nvd@nist.gov",7.5,HIGH,"AV:N/AC:L/Au:N/C:P/I:P/A:P","cpe:2.3:a:microsoft:office:*:*:*:*:*:*:*:*" "cpe:2.3:a:microsoft:office:xp:sp1:*:*:*:*:*:*" "cpe:2.3:a:microsoft:office:xp:sp2:*:*:*:*:*:*" "cpe:2.3:a:microsoft:office:xp:sp3:*:*:*:*:*:*" "cpe:2.3:a:microsoft:powerpoint:2002:*:*:*:*:*:*:*" "cpe:2.3:a:microsoft:powerpoint:2002:sp1:*:*:*:*:*:*" "cpe:2.3:a:microsoft:powerpoint:2002:sp2:*:*:*:*:*:*" "cpe:2.3:a:microsoft:powerpoint:2002:sp3:*:*:*:*:*:*" "cpe:2.3:a:microsoft:project:2002:*:*:*:*:*:*:*" "cpe:2.3:a:microsoft:project:2002:sp1:*:*:*:*:*:*" "cpe:2.3:a:microsoft:visio:2002:*:*:*:*:*:*:*" "cpe:2.3:a:microsoft:visio:2002:sp1:*:*:*:*:*:*" "cpe:2.3:a:microsoft:visio:2002:sp2:*:*:*:*:*:*" "cpe:2.3:a:microsoft:visio:2002:sp2:professional:*:*:*:*:*" "cpe:2.3:a:microsoft:visio:2002:sp2:standard:*:*:*:*:*" "cpe:2.3:a:microsoft:word:2002:*:*:*:*:*:*:*" "cpe:2.3:a:microsoft:word:2002:sp1:*:*:*:*:*:*" "cpe:2.3:a:microsoft:word:2002:sp2:*:*:*:*:*:*" "cpe:2.3:a:microsoft:word:2002:sp3:*:*:*:*:*:*" "cpe:2.3:a:microsoft:works:2002:*:*:*:*:*:*:*" "cpe:2.3:a:microsoft:works:2003:*:*:*:*:*:*:*" "cpe:2.3:a:microsoft:works:2004:*:*:*:*:*:*:*"
"Modified","CVE-2004-0937","NVD-CWE-Other",,,,,,,,,,,,,"nvd@nist.gov",7.5,HIGH,"AV:N/AC:L/Au:N/C:P/I:P/A:P","cpe:2.3:a:archive_zip:archive_zip:1.13:*:*:*:*:*:*:*" "cpe:2.3:a:broadcom:brightstor_arcserve_backup:11.1:*:*:*:*:*:*:*" "cpe:2.3:a:broadcom:etrust_antivirus:7.0:*:*:*:*:*:*:*" "cpe:2.3:a:broadcom:etrust_antivirus:7.1:*:*:*:*:*:*:*" "cpe:2.3:a:broadcom:etrust_antivirus_gateway:7.0:*:*:*:*:*:*:*" "cpe:2.3:a:broadcom:etrust_antivirus_gateway:7.1:*:*:*:*:*:*:*" "cpe:2.3:a:broadcom:etrust_ez_antivirus:6.1:*:*:*:*:*:*:*" "cpe:2.3:a:broadcom:etrust_ez_antivirus:6.2:*:*:*:*:*:*:*" "cpe:2.3:a:broadcom:etrust_ez_antivirus:6.3:*:*:*:*:*:*:*" "cpe:2.3:a:broadcom:etrust_ez_armor:2.0:*:*:*:*:*:*:*" "cpe:2.3:a:broadcom:etrust_ez_armor:2.3:*:*:*:*:*:*:*" "cpe:2.3:a:broadcom:etrust_ez_armor:2.4:*:*:*:*:*:*:*" "cpe:2.3:a:broadcom:etrust_intrusion_detection:1.4.1.13:*:*:*:*:*:*:*" "cpe:2.3:a:broadcom:etrust_intrusion_detection:1.4.5:*:*:*:*:*:*:*" "cpe:2.3:a:broadcom:etrust_intrusion_detection:1.5:*:*:*:*:*:*:*" "cpe:2.3:a:broadcom:etrust_secure_content_manager:1.0:*:*:*:*:*:*:*" "cpe:2.3:a:broadcom:etrust_secure_content_manager:1.1:*:*:*:*:*:*:*" "cpe:2.3:a:broadcom:inoculateit:6.0:*:*:*:*:*:*:*" "cpe:2.3:a:ca:etrust_antivirus:7.0_sp2:*:*:*:*:*:*:*" "cpe:2.3:a:ca:etrust_secure_content_manager:1.0:sp1:*:*:*:*:*:*" "cpe:2.3:a:eset_software:nod32_antivirus:1.0.11:*:*:*:*:*:*:*" "cpe:2.3:a:eset_software:nod32_antivirus:1.0.12:*:*:*:*:*:*:*" "cpe:2.3:a:eset_software:nod32_antivirus:1.0.13:*:*:*:*:*:*:*" "cpe:2.3:a:kaspersky_lab:kaspersky_anti-virus:3.0:*:*:*:*:*:*:*" "cpe:2.3:a:kaspersky_lab:kaspersky_anti-virus:4.0:*:*:*:*:*:*:*" "cpe:2.3:a:kaspersky_lab:kaspersky_anti-virus:5.0:*:*:*:*:*:*:*" "cpe:2.3:a:mcafee:antivirus_engine:4.3.20:*:*:*:*:*:*:*" "cpe:2.3:a:rav_antivirus:rav_antivirus_desktop:8.6:*:*:*:*:*:*:*" "cpe:2.3:a:rav_antivirus:rav_antivirus_for_file_servers:1.0:*:*:*:*:*:*:*" "cpe:2.3:a:rav_antivirus:rav_antivirus_for_mail_servers:8.4.2:*:*:*:*:*:*:*" "cpe:2.3:a:sophos:sophos_anti-virus:3.4.6:*:*:*:*:*:*:*" "cpe:2.3:a:sophos:sophos_anti-virus:3.78:*:*:*:*:*:*:*" "cpe:2.3:a:sophos:sophos_anti-virus:3.78d:*:*:*:*:*:*:*" "cpe:2.3:a:sophos:sophos_anti-virus:3.79:*:*:*:*:*:*:*" "cpe:2.3:a:sophos:sophos_anti-virus:3.80:*:*:*:*:*:*:*" "cpe:2.3:a:sophos:sophos_anti-virus:3.81:*:*:*:*:*:*:*" "cpe:2.3:a:sophos:sophos_anti-virus:3.82:*:*:*:*:*:*:*" "cpe:2.3:a:sophos:sophos_anti-virus:3.83:*:*:*:*:*:*:*" "cpe:2.3:a:sophos:sophos_anti-virus:3.84:*:*:*:*:*:*:*" "cpe:2.3:a:sophos:sophos_anti-virus:3.85:*:*:*:*:*:*:*" "cpe:2.3:a:sophos:sophos_anti-virus:3.86:*:*:*:*:*:*:*" "cpe:2.3:a:sophos:sophos_puremessage_anti-virus:4.6:*:*:*:*:*:*:*" "cpe:2.3:a:sophos:sophos_small_business_suite:1.0:*:*:*:*:*:*:*" "cpe:2.3:o:gentoo:linux:*:*:*:*:*:*:*:*" "cpe:2.3:o:gentoo:linux:1.4:*:*:*:*:*:*:*" "cpe:2.3:o:mandrakesoft:mandrake_linux:10.1:*:*:*:*:*:*:*" "cpe:2.3:o:mandrakesoft:mandrake_linux:10.1:*:x86_64:*:*:*:*:*" "cpe:2.3:o:suse:suse_linux:9.2:*:*:*:*:*:*:*"
"Modified","CVE-2004-0939","NVD-CWE-Other",,,,,,,,,,,,,"nvd@nist.gov",5,MEDIUM,"AV:N/AC:L/Au:N/C:P/I:N/A:N","cpe:2.3:a:neoteris:instant_virtual_extranet:*:*:*:*:*:*:*:*"
"Modified","CVE-2004-0940","CWE-131",,,,,"nvd@nist.gov",7.8,"HIGH","CVSS:3.1/AV:L/AC:L/PR:L/UI:N/S:U/C:H/I:H/A:H",,,,,"nvd@nist.gov",6.9,MEDIUM,"AV:L/AC:M/Au:N/C:C/I:C/A:C","cpe:2.3:a:apache:http_server:*:*:*:*:*:*:*:*" "cpe:2.3:a:openpkg:openpkg:2.0:*:*:*:*:*:*:*" "cpe:2.3:a:openpkg:openpkg:2.1:*:*:*:*:*:*:*" "cpe:2.3:a:openpkg:openpkg:2.2:*:*:*:*:*:*:*" "cpe:2.3:o:hp:hp-ux:11.00:*:*:*:*:*:*:*" "cpe:2.3:o:hp:hp-ux:11.11:*:*:*:*:*:*:*" "cpe:2.3:o:hp:hp-ux:11.20:*:*:*:*:*:*:*" "cpe:2.3:o:hp:hp-ux:11.22:*:*:*:*:*:*:*" "cpe:2.3:o:slackware:slackware_linux:8.0:*:*:*:*:*:*:*" "cpe:2.3:o:slackware:slackware_linux:8.1:*:*:*:*:*:*:*" "cpe:2.3:o:slackware:slackware_linux:9.0:*:*:*:*:*:*:*" "cpe:2.3:o:slackware:slackware_linux:9.1:*:*:*:*:*:*:*" "cpe:2.3:o:slackware:slackware_linux:10.0:*:*:*:*:*:*:*" "cpe:2.3:o:slackware:slackware_linux:current:*:*:*:*:*:*:*" "cpe:2.3:o:suse:suse_linux:8.0:*:*:*:*:*:*:*" "cpe:2.3:o:suse:suse_linux:8.1:*:*:*:*:*:*:*" "cpe:2.3:o:suse:suse_linux:8.2:*:*:*:*:*:*:*" "cpe:2.3:o:suse:suse_linux:9.0:*:*:*:*:*:*:*" "cpe:2.3:o:suse:suse_linux:9.1:*:*:*:*:*:*:*" "cpe:2.3:o:suse:suse_linux:9.2:*:*:*:*:*:*:*" "cpe:2.3:o:trustix:secure_linux:1.5:*:*:*:*:*:*:*"
"Modified","CVE-2004-0941","NVD-CWE-Other",,,,,,,,,,,,,"nvd@nist.gov",10,CRITICAL,"AV:N/AC:L/Au:N/C:C/I:C/A:C","cpe:2.3:a:gd_graphics_library:gdlib:1.8.4:*:*:*:*:*:*:*" "cpe:2.3:a:gd_graphics_library:gdlib:2.0.1:*:*:*:*:*:*:*" "cpe:2.3:a:gd_graphics_library:gdlib:2.0.20:*:*:*:*:*:*:*" "cpe:2.3:a:gd_graphics_library:gdlib:2.0.21:*:*:*:*:*:*:*" "cpe:2.3:a:gd_graphics_library:gdlib:2.0.22:*:*:*:*:*:*:*" "cpe:2.3:a:gd_graphics_library:gdlib:2.0.23:*:*:*:*:*:*:*" "cpe:2.3:a:gd_graphics_library:gdlib:2.0.26:*:*:*:*:*:*:*" "cpe:2.3:a:gd_graphics_library:gdlib:2.0.27:*:*:*:*:*:*:*" "cpe:2.3:a:gd_graphics_library:gdlib:2.0.28:*:*:*:*:*:*:*" "cpe:2.3:a:gd_graphics_library:gdlib:2.0.33:*:*:*:*:*:*:*" "cpe:2.3:o:trustix:secure_linux:1.5:*:*:*:*:*:*:*" "cpe:2.3:o:trustix:secure_linux:2.0:*:*:*:*:*:*:*" "cpe:2.3:o:trustix:secure_linux:2.1:*:*:*:*:*:*:*" "cpe:2.3:o:trustix:secure_linux:2.2:*:*:*:*:*:*:*"
"Modified","CVE-2004-0942","NVD-CWE-Other",,,,,,,,,,,,,"nvd@nist.gov",5,MEDIUM,"AV:N/AC:L/Au:N/C:N/I:N/A:P","cpe:2.3:a:apache:http_server:*:*:*:*:*:*:*:*"
"Modified","CVE-2004-0945","NVD-CWE-Other",,,,,,,,,,,,,"nvd@nist.gov",5,MEDIUM,"AV:N/AC:L/Au:N/C:N/I:N/A:P","cpe:2.3:h:mitel:mitel_3300_integrated_communication_platform:*:*:*:*:*:*:*:*"
"Modified","CVE-2004-0947","NVD-CWE-Other",,,,,,,,,,,,,"nvd@nist.gov",10,CRITICAL,"AV:N/AC:L/Au:N/C:C/I:C/A:C","cpe:2.3:a:arj_software_inc.:unarj:2.62:*:*:*:*:*:*:*" "cpe:2.3:a:arj_software_inc.:unarj:2.63_a:*:*:*:*:*:*:*" "cpe:2.3:a:arj_software_inc.:unarj:2.64:*:*:*:*:*:*:*" "cpe:2.3:a:arj_software_inc.:unarj:2.65:*:*:*:*:*:*:*" "cpe:2.3:o:gentoo:linux:*:*:*:*:*:*:*:*" "cpe:2.3:o:suse:suse_linux:9.0:*:*:*:*:*:*:*" "cpe:2.3:o:suse:suse_linux:9.1:*:*:*:*:*:*:*" "cpe:2.3:o:suse:suse_linux:9.2:*:*:*:*:*:*:*"
"Modified","CVE-2004-0950","NVD-CWE-Other",,,,,,,,,,,,,"nvd@nist.gov",5,MEDIUM,"AV:N/AC:L/Au:N/C:P/I:N/A:N","cpe:2.3:a:danware_data:netop:6.0:*:*:*:*:*:*:*" "cpe:2.3:a:danware_data:netop:6.50:*:*:*:*:*:*:*" "cpe:2.3:a:danware_data:netop:7.0.1_build2002-01-29:*:*:*:*:*:*:*" "cpe:2.3:a:danware_data:netop:7.50_build2003-08-04:*:*:*:*:*:*:*" "cpe:2.3:a:danware_data:netop:7.60_build2003-06-24:*:*:*:*:*:*:*"
"Modified","CVE-2004-0957","NVD-CWE-noinfo",,,,,,,,,,,,,"nvd@nist.gov",6.8,MEDIUM,"AV:N/AC:M/Au:N/C:P/I:P/A:P","cpe:2.3:a:openpkg:openpkg:2.1:*:*:*:*:*:*:*" "cpe:2.3:a:openpkg:openpkg:2.2:*:*:*:*:*:*:*" "cpe:2.3:a:openpkg:openpkg:current:*:*:*:*:*:*:*" "cpe:2.3:a:oracle:mysql:3.20:*:*:*:*:*:*:*" "cpe:2.3:a:oracle:mysql:3.20.32a:*:*:*:*:*:*:*" "cpe:2.3:a:oracle:mysql:3.21:*:*:*:*:*:*:*" "cpe:2.3:a:oracle:mysql:3.22:*:*:*:*:*:*:*" "cpe:2.3:a:oracle:mysql:3.22.26:*:*:*:*:*:*:*" "cpe:2.3:a:oracle:mysql:3.22.27:*:*:*:*:*:*:*" "cpe:2.3:a:oracle:mysql:3.22.28:*:*:*:*:*:*:*" "cpe:2.3:a:oracle:mysql:3.22.29:*:*:*:*:*:*:*" "cpe:2.3:a:oracle:mysql:3.22.30:*:*:*:*:*:*:*" "cpe:2.3:a:oracle:mysql:3.22.32:*:*:*:*:*:*:*" "cpe:2.3:a:oracle:mysql:3.23:*:*:*:*:*:*:*" "cpe:2.3:a:oracle:mysql:3.23.2:*:*:*:*:*:*:*" "cpe:2.3:a:oracle:mysql:3.23.3:*:*:*:*:*:*:*" "cpe:2.3:a:oracle:mysql:3.23.4:*:*:*:*:*:*:*" "cpe:2.3:a:oracle:mysql:3.23.5:*:*:*:*:*:*:*" "cpe:2.3:a:oracle:mysql:3.23.8:*:*:*:*:*:*:*" "cpe:2.3:a:oracle:mysql:3.23.9:*:*:*:*:*:*:*" "cpe:2.3:a:oracle:mysql:3.23.10:*:*:*:*:*:*:*" "cpe:2.3:a:oracle:mysql:3.23.22:*:*:*:*:*:*:*" "cpe:2.3:a:oracle:mysql:3.23.23:*:*:*:*:*:*:*" "cpe:2.3:a:oracle:mysql:3.23.24:*:*:*:*:*:*:*" "cpe:2.3:a:oracle:mysql:3.23.25:*:*:*:*:*:*:*" "cpe:2.3:a:oracle:mysql:3.23.26:*:*:*:*:*:*:*" "cpe:2.3:a:oracle:mysql:3.23.27:*:*:*:*:*:*:*" "cpe:2.3:a:oracle:mysql:3.23.28:*:*:*:*:*:*:*" "cpe:2.3:a:oracle:mysql:3.23.28:gamma:*:*:*:*:*:*" "cpe:2.3:a:oracle:mysql:3.23.29:*:*:*:*:*:*:*" "cpe:2.3:a:oracle:mysql:3.23.30:*:*:*:*:*:*:*" "cpe:2.3:a:oracle:mysql:3.23.31:*:*:*:*:*:*:*" "cpe:2.3:a:oracle:mysql:3.23.32:*:*:*:*:*:*:*" "cpe:2.3:a:oracle:mysql:3.23.33:*:*:*:*:*:*:*" "cpe:2.3:a:oracle:mysql:3.23.34:*:*:*:*:*:*:*" "cpe:2.3:a:oracle:mysql:3.23.36:*:*:*:*:*:*:*" "cpe:2.3:a:oracle:mysql:3.23.37:*:*:*:*:*:*:*" "cpe:2.3:a:oracle:mysql:3.23.38:*:*:*:*:*:*:*" "cpe:2.3:a:oracle:mysql:3.23.39:*:*:*:*:*:*:*" "cpe:2.3:a:oracle:mysql:3.23.40:*:*:*:*:*:*:*" "cpe:2.3:a:oracle:mysql:3.23.41:*:*:*:*:*:*:*" "cpe:2.3:a:oracle:mysql:3.23.42:*:*:*:*:*:*:*" "cpe:2.3:a:oracle:mysql:3.23.43:*:*:*:*:*:*:*" "cpe:2.3:a:oracle:mysql:3.23.44:*:*:*:*:*:*:*" "cpe:2.3:a:oracle:mysql:3.23.45:*:*:*:*:*:*:*" "cpe:2.3:a:oracle:mysql:3.23.46:*:*:*:*:*:*:*" "cpe:2.3:a:oracle:mysql:3.23.47:*:*:*:*:*:*:*" "cpe:2.3:a:oracle:mysql:3.23.48:*:*:*:*:*:*:*" "cpe:2.3:a:oracle:mysql:3.23.49:*:*:*:*:*:*:*" "cpe:2.3:a:oracle:mysql:3.23.50:*:*:*:*:*:*:*" "cpe:2.3:a:oracle:mysql:3.23.51:*:*:*:*:*:*:*" "cpe:2.3:a:oracle:mysql:3.23.52:*:*:*:*:*:*:*" "cpe:2.3:a:oracle:mysql:3.23.53:*:*:*:*:*:*:*" "cpe:2.3:a:oracle:mysql:3.23.53a:*:*:*:*:*:*:*" "cpe:2.3:a:oracle:mysql:3.23.54:*:*:*:*:*:*:*" "cpe:2.3:a:oracle:mysql:3.23.54a:*:*:*:*:*:*:*" "cpe:2.3:a:oracle:mysql:3.23.55:*:*:*:*:*:*:*" "cpe:2.3:a:oracle:mysql:3.23.56:*:*:*:*:*:*:*" "cpe:2.3:a:oracle:mysql:3.23.58:*:*:*:*:*:*:*" "cpe:2.3:a:oracle:mysql:3.23.59:*:*:*:*:*:*:*" "cpe:2.3:a:oracle:mysql:4.0.0:*:*:*:*:*:*:*" "cpe:2.3:a:oracle:mysql:4.0.1:*:*:*:*:*:*:*" "cpe:2.3:a:oracle:mysql:4.0.2:*:*:*:*:*:*:*" "cpe:2.3:a:oracle:mysql:4.0.3:*:*:*:*:*:*:*" "cpe:2.3:a:oracle:mysql:4.0.4:*:*:*:*:*:*:*" "cpe:2.3:a:oracle:mysql:4.0.5:*:*:*:*:*:*:*" "cpe:2.3:a:oracle:mysql:4.0.5a:*:*:*:*:*:*:*" "cpe:2.3:a:oracle:mysql:4.0.6:*:*:*:*:*:*:*" "cpe:2.3:a:oracle:mysql:4.0.7:*:*:*:*:*:*:*" "cpe:2.3:a:oracle:mysql:4.0.7:gamma:*:*:*:*:*:*" "cpe:2.3:a:oracle:mysql:4.0.8:*:*:*:*:*:*:*" "cpe:2.3:a:oracle:mysql:4.0.8:gamma:*:*:*:*:*:*" "cpe:2.3:a:oracle:mysql:4.0.9:*:*:*:*:*:*:*" "cpe:2.3:a:oracle:mysql:4.0.9:gamma:*:*:*:*:*:*" "cpe:2.3:a:oracle:mysql:4.0.10:*:*:*:*:*:*:*" "cpe:2.3:a:oracle:mysql:4.0.11:*:*:*:*:*:*:*" "cpe:2.3:a:oracle:mysql:4.0.11:gamma:*:*:*:*:*:*" "cpe:2.3:a:oracle:mysql:4.0.12:*:*:*:*:*:*:*" "cpe:2.3:a:oracle:mysql:4.0.13:*:*:*:*:*:*:*" "cpe:2.3:a:oracle:mysql:4.0.14:*:*:*:*:*:*:*" "cpe:2.3:a:oracle:mysql:4.0.15:*:*:*:*:*:*:*" "cpe:2.3:a:oracle:mysql:4.0.18:*:*:*:*:*:*:*" "cpe:2.3:a:oracle:mysql:4.0.20:*:*:*:*:*:*:*" "cpe:2.3:o:redhat:enterprise_linux:3.0:*:advanced_server:*:*:*:*:*" "cpe:2.3:o:redhat:enterprise_linux:3.0:*:enterprise_server:*:*:*:*:*" "cpe:2.3:o:redhat:enterprise_linux:3.0:*:workstation_server:*:*:*:*:*" "cpe:2.3:o:redhat:enterprise_linux_desktop:3.0:*:*:*:*:*:*:*" "cpe:2.3:o:suse:suse_linux:8.0:*:*:*:*:*:*:*" "cpe:2.3:o:suse:suse_linux:8.1:*:*:*:*:*:*:*" "cpe:2.3:o:suse:suse_linux:8.2:*:*:*:*:*:*:*" "cpe:2.3:o:suse:suse_linux:9.0:*:*:*:*:*:*:*" "cpe:2.3:o:suse:suse_linux:9.0:*:x86_64:*:*:*:*:*" "cpe:2.3:o:suse:suse_linux:9.1:*:*:*:*:*:*:*" "cpe:2.3:o:suse:suse_linux:9.2:*:*:*:*:*:*:*" "cpe:2.3:o:trustix:secure_linux:1.5:*:*:*:*:*:*:*" "cpe:2.3:o:trustix:secure_linux:2.0:*:*:*:*:*:*:*" "cpe:2.3:o:trustix:secure_linux:2.1:*:*:*:*:*:*:*" "cpe:2.3:o:ubuntu:ubuntu_linux:4.1:*:ia64:*:*:*:*:*" "cpe:2.3:o:ubuntu:ubuntu_linux:4.1:*:ppc:*:*:*:*:*"
"Modified","CVE-2004-0960","NVD-CWE-Other",,,,,,,,,,,,,"nvd@nist.gov",5,MEDIUM,"AV:N/AC:L/Au:N/C:N/I:N/A:P","cpe:2.3:a:freeradius:freeradius:0.2:*:*:*:*:*:*:*" "cpe:2.3:a:freeradius:freeradius:0.3:*:*:*:*:*:*:*" "cpe:2.3:a:freeradius:freeradius:0.4:*:*:*:*:*:*:*" "cpe:2.3:a:freeradius:freeradius:0.5:*:*:*:*:*:*:*" "cpe:2.3:a:freeradius:freeradius:0.8:*:*:*:*:*:*:*" "cpe:2.3:a:freeradius:freeradius:0.8.1:*:*:*:*:*:*:*" "cpe:2.3:a:freeradius:freeradius:0.9:*:*:*:*:*:*:*" "cpe:2.3:a:freeradius:freeradius:0.9.1:*:*:*:*:*:*:*" "cpe:2.3:a:freeradius:freeradius:0.9.2:*:*:*:*:*:*:*" "cpe:2.3:a:freeradius:freeradius:0.9.3:*:*:*:*:*:*:*" "cpe:2.3:a:freeradius:freeradius:1.0.0:*:*:*:*:*:*:*" "cpe:2.3:o:redhat:enterprise_linux:3.0:*:advanced_server:*:*:*:*:*" "cpe:2.3:o:redhat:enterprise_linux:3.0:*:enterprise_server:*:*:*:*:*" "cpe:2.3:o:redhat:fedora_core:core_2.0:*:*:*:*:*:*:*"
"Modified","CVE-2004-0961","NVD-CWE-Other",,,,,,,,,,,,,"nvd@nist.gov",5,MEDIUM,"AV:N/AC:L/Au:N/C:N/I:N/A:P","cpe:2.3:a:freeradius:freeradius:0.2:*:*:*:*:*:*:*" "cpe:2.3:a:freeradius:freeradius:0.3:*:*:*:*:*:*:*" "cpe:2.3:a:freeradius:freeradius:0.4:*:*:*:*:*:*:*" "cpe:2.3:a:freeradius:freeradius:0.5:*:*:*:*:*:*:*" "cpe:2.3:a:freeradius:freeradius:0.8:*:*:*:*:*:*:*" "cpe:2.3:a:freeradius:freeradius:0.8.1:*:*:*:*:*:*:*" "cpe:2.3:a:freeradius:freeradius:0.9:*:*:*:*:*:*:*" "cpe:2.3:a:freeradius:freeradius:0.9.1:*:*:*:*:*:*:*" "cpe:2.3:a:freeradius:freeradius:0.9.2:*:*:*:*:*:*:*" "cpe:2.3:a:freeradius:freeradius:0.9.3:*:*:*:*:*:*:*" "cpe:2.3:a:freeradius:freeradius:1.0.0:*:*:*:*:*:*:*" "cpe:2.3:o:redhat:enterprise_linux:3.0:*:advanced_server:*:*:*:*:*" "cpe:2.3:o:redhat:enterprise_linux:3.0:*:enterprise_server:*:*:*:*:*" "cpe:2.3:o:redhat:fedora_core:core_2.0:*:*:*:*:*:*:*"
"Modified","CVE-2004-0962","NVD-CWE-Other",,,,,,,,,,,,,"nvd@nist.gov",10,CRITICAL,"AV:N/AC:L/Au:N/C:C/I:C/A:C","cpe:2.3:a:apple:apple_remote_desktop:2.0.0:*:*:*:*:*:*:*"
"Modified","CVE-2004-0963","NVD-CWE-Other",,,,,,,,,,,,,"nvd@nist.gov",10,CRITICAL,"AV:N/AC:L/Au:N/C:C/I:C/A:C","cpe:2.3:a:microsoft:word:2002:sp3:*:*:*:*:*:*"
"Modified","CVE-2004-0964","NVD-CWE-Other",,,,,,,,,,,,,"nvd@nist.gov",10,CRITICAL,"AV:N/AC:L/Au:N/C:C/I:C/A:C","cpe:2.3:a:zinf:zinf:2.2.1:*:*:*:*:*:*:*" "cpe:2.3:o:debian:debian_linux:3.0:*:alpha:*:*:*:*:*" "cpe:2.3:o:debian:debian_linux:3.0:*:arm:*:*:*:*:*" "cpe:2.3:o:debian:debian_linux:3.0:*:hppa:*:*:*:*:*" "cpe:2.3:o:debian:debian_linux:3.0:*:ia-32:*:*:*:*:*" "cpe:2.3:o:debian:debian_linux:3.0:*:ia-64:*:*:*:*:*" "cpe:2.3:o:debian:debian_linux:3.0:*:m68k:*:*:*:*:*" "cpe:2.3:o:debian:debian_linux:3.0:*:mips:*:*:*:*:*" "cpe:2.3:o:debian:debian_linux:3.0:*:mipsel:*:*:*:*:*" "cpe:2.3:o:debian:debian_linux:3.0:*:ppc:*:*:*:*:*" "cpe:2.3:o:debian:debian_linux:3.0:*:s-390:*:*:*:*:*" "cpe:2.3:o:debian:debian_linux:3.0:*:sparc:*:*:*:*:*"
"Modified","CVE-2004-0965","NVD-CWE-Other",,,,,,,,,,,,,"nvd@nist.gov",7.2,HIGH,"AV:L/AC:L/Au:N/C:C/I:C/A:C","cpe:2.3:o:hp:hp-ux:11.00:*:*:*:*:*:*:*" "cpe:2.3:o:hp:hp-ux:11.11:*:*:*:*:*:*:*" "cpe:2.3:o:hp:hp-ux:11.22:*:*:*:*:*:*:*" "cpe:2.3:o:hp:hp-ux:11.23:*:ia64_64-bit:*:*:*:*:*"
"Modified","CVE-2004-0966","NVD-CWE-Other",,,,,,,,,,,,,"nvd@nist.gov",2.1,LOW,"AV:L/AC:L/Au:N/C:N/I:P/A:N","cpe:2.3:a:gnu:gettext:0.14.1:*:*:*:*:*:*:*" "cpe:2.3:o:ubuntu:ubuntu_linux:4.1:*:ia64:*:*:*:*:*" "cpe:2.3:o:ubuntu:ubuntu_linux:4.1:*:ppc:*:*:*:*:*"
"Modified","CVE-2004-0967","CWE-59",,,,,,,,,,,,,"nvd@nist.gov",7.2,HIGH,"AV:L/AC:L/Au:N/C:C/I:C/A:C","cpe:2.3:a:aladdin_enterprises:ghostscript:4.3:*:*:*:*:*:*:*" "cpe:2.3:a:aladdin_enterprises:ghostscript:4.3.2:*:*:*:*:*:*:*" "cpe:2.3:a:aladdin_enterprises:ghostscript:5.10.10:*:*:*:*:*:*:*" "cpe:2.3:a:aladdin_enterprises:ghostscript:5.10.10:*:mdk:*:*:*:*:*" "cpe:2.3:a:aladdin_enterprises:ghostscript:5.10.10_1:*:*:*:*:*:*:*" "cpe:2.3:a:aladdin_enterprises:ghostscript:5.10.10_1:*:mdk:*:*:*:*:*" "cpe:2.3:a:aladdin_enterprises:ghostscript:5.10.12cl:*:*:*:*:*:*:*" "cpe:2.3:a:aladdin_enterprises:ghostscript:5.10.15:*:*:*:*:*:*:*" "cpe:2.3:a:aladdin_enterprises:ghostscript:5.10.16:*:*:*:*:*:*:*" "cpe:2.3:a:aladdin_enterprises:ghostscript:5.10cl:*:*:*:*:*:*:*" "cpe:2.3:a:aladdin_enterprises:ghostscript:5.50:*:*:*:*:*:*:*" "cpe:2.3:a:aladdin_enterprises:ghostscript:5.50.8:*:*:*:*:*:*:*" "cpe:2.3:a:aladdin_enterprises:ghostscript:5.50.8_7:*:*:*:*:*:*:*" "cpe:2.3:a:aladdin_enterprises:ghostscript:6.51:*:*:*:*:*:*:*" "cpe:2.3:a:aladdin_enterprises:ghostscript:6.52:*:*:*:*:*:*:*" "cpe:2.3:a:aladdin_enterprises:ghostscript:6.53:*:*:*:*:*:*:*" "cpe:2.3:a:aladdin_enterprises:ghostscript:7.0.4:*:*:*:*:*:*:*" "cpe:2.3:a:aladdin_enterprises:ghostscript:7.0.5:*:*:*:*:*:*:*" "cpe:2.3:a:aladdin_enterprises:ghostscript:7.0.6:*:*:*:*:*:*:*" "cpe:2.3:a:aladdin_enterprises:ghostscript:7.0.7:*:*:*:*:*:*:*"
"Modified","CVE-2004-0968","NVD-CWE-Other",,,,,,,,,,,,,"nvd@nist.gov",2.1,LOW,"AV:L/AC:L/Au:N/C:N/I:P/A:N","cpe:2.3:a:gnu:glibc:2.0:*:*:*:*:*:*:*" "cpe:2.3:a:gnu:glibc:2.0.1:*:*:*:*:*:*:*" "cpe:2.3:a:gnu:glibc:2.0.2:*:*:*:*:*:*:*" "cpe:2.3:a:gnu:glibc:2.0.3:*:*:*:*:*:*:*" "cpe:2.3:a:gnu:glibc:2.0.4:*:*:*:*:*:*:*" "cpe:2.3:a:gnu:glibc:2.0.5:*:*:*:*:*:*:*" "cpe:2.3:a:gnu:glibc:2.0.6:*:*:*:*:*:*:*" "cpe:2.3:a:gnu:glibc:2.1:*:*:*:*:*:*:*" "cpe:2.3:a:gnu:glibc:2.1.1:*:*:*:*:*:*:*" "cpe:2.3:a:gnu:glibc:2.1.1.6:*:*:*:*:*:*:*" "cpe:2.3:a:gnu:glibc:2.1.2:*:*:*:*:*:*:*" "cpe:2.3:a:gnu:glibc:2.1.3:*:*:*:*:*:*:*" "cpe:2.3:a:gnu:glibc:2.1.3.10:*:*:*:*:*:*:*" "cpe:2.3:a:gnu:glibc:2.1.9:*:*:*:*:*:*:*" "cpe:2.3:a:gnu:glibc:2.2:*:*:*:*:*:*:*" "cpe:2.3:a:gnu:glibc:2.2.1:*:*:*:*:*:*:*" "cpe:2.3:a:gnu:glibc:2.2.2:*:*:*:*:*:*:*" "cpe:2.3:a:gnu:glibc:2.2.3:*:*:*:*:*:*:*" "cpe:2.3:a:gnu:glibc:2.2.4:*:*:*:*:*:*:*" "cpe:2.3:a:gnu:glibc:2.2.5:*:*:*:*:*:*:*" "cpe:2.3:a:gnu:glibc:2.3:*:*:*:*:*:*:*" "cpe:2.3:a:gnu:glibc:2.3.1:*:*:*:*:*:*:*" "cpe:2.3:a:gnu:glibc:2.3.2:*:*:*:*:*:*:*" "cpe:2.3:a:gnu:glibc:2.3.3:*:*:*:*:*:*:*" "cpe:2.3:a:gnu:glibc:2.3.4:*:*:*:*:*:*:*" "cpe:2.3:a:gnu:glibc:2.3.10:*:*:*:*:*:*:*" "cpe:2.3:o:redhat:enterprise_linux:3.0:*:advanced_server:*:*:*:*:*" "cpe:2.3:o:redhat:enterprise_linux:3.0:*:enterprise_server:*:*:*:*:*" "cpe:2.3:o:redhat:enterprise_linux:3.0:*:workstation_server:*:*:*:*:*" "cpe:2.3:o:redhat:enterprise_linux_desktop:3.0:*:*:*:*:*:*:*"
"Modified","CVE-2004-0969","NVD-CWE-Other",,,,,,,,,,,,,"nvd@nist.gov",2.1,LOW,"AV:L/AC:L/Au:N/C:N/I:P/A:N","cpe:2.3:a:gnu:groff:1.19:*:*:*:*:*:*:*" "cpe:2.3:o:gentoo:linux:*:*:*:*:*:*:*:*" "cpe:2.3:o:ubuntu:ubuntu_linux:4.1:*:ia64:*:*:*:*:*" "cpe:2.3:o:ubuntu:ubuntu_linux:4.1:*:ppc:*:*:*:*:*"
"Modified","CVE-2004-0970","NVD-CWE-Other",,,,,,,,,,,,,"nvd@nist.gov",2.1,LOW,"AV:L/AC:L/Au:N/C:N/I:P/A:N","cpe:2.3:a:gnu:gzip:1.2.4a:*:*:*:*:*:*:*"
"Modified","CVE-2004-0971","NVD-CWE-Other",,,,,,,,,,,,,"nvd@nist.gov",2.1,LOW,"AV:L/AC:L/Au:N/C:N/I:P/A:N","cpe:2.3:a:mit:kerberos_5:1.3.4:*:*:*:*:*:*:*"
"Modified","CVE-2004-0972","NVD-CWE-Other",,,,,,,,,,,,,"nvd@nist.gov",2.1,LOW,"AV:L/AC:L/Au:N/C:N/I:P/A:N","cpe:2.3:a:lvm:logical_volume_management_utilities:1.0.1:*:*:*:*:*:*:*" "cpe:2.3:a:lvm:logical_volume_management_utilities:1.0.4:*:*:*:*:*:*:*" "cpe:2.3:a:lvm:logical_volume_management_utilities:1.0.7:*:*:*:*:*:*:*" "cpe:2.3:a:lvm:logical_volume_management_utilities:1.0.8:*:*:*:*:*:*:*" "cpe:2.3:o:gentoo:linux:*:*:*:*:*:*:*:*"
"Modified","CVE-2004-0974","NVD-CWE-Other",,,,,,,,,,,,,"nvd@nist.gov",2.1,LOW,"AV:L/AC:L/Au:N/C:N/I:P/A:N","cpe:2.3:a:netatalk:open_source_apple_file_share_protocol_suite:1.5_pre6:*:*:*:*:*:*:*" "cpe:2.3:a:netatalk:open_source_apple_file_share_protocol_suite:1.6.1:*:*:*:*:*:*:*" "cpe:2.3:a:netatalk:open_source_apple_file_share_protocol_suite:1.6.4:*:*:*:*:*:*:*" "cpe:2.3:o:mandrakesoft:mandrake_linux:9.2:*:*:*:*:*:*:*" "cpe:2.3:o:mandrakesoft:mandrake_linux:9.2:*:amd64:*:*:*:*:*" "cpe:2.3:o:mandrakesoft:mandrake_linux:10.0:*:*:*:*:*:*:*" "cpe:2.3:o:mandrakesoft:mandrake_linux:10.0:*:amd64:*:*:*:*:*" "cpe:2.3:o:mandrakesoft:mandrake_linux:10.1:*:*:*:*:*:*:*" "cpe:2.3:o:mandrakesoft:mandrake_linux:10.1:*:x86_64:*:*:*:*:*" "cpe:2.3:o:mandrakesoft:mandrake_linux_corporate_server:2.1:*:*:*:*:*:*:*" "cpe:2.3:o:mandrakesoft:mandrake_linux_corporate_server:2.1:*:x86_64:*:*:*:*:*" "cpe:2.3:o:redhat:fedora_core:core_2.0:*:*:*:*:*:*:*" "cpe:2.3:o:redhat:fedora_core:core_3.0:*:*:*:*:*:*:*"
"Modified","CVE-2004-0975","NVD-CWE-Other",,,,,,,,,,,,,"nvd@nist.gov",2.1,LOW,"AV:L/AC:L/Au:N/C:N/I:P/A:N","cpe:2.3:a:mandrakesoft:mandrake_multi_network_firewall:8.2:*:*:*:*:*:*:*" "cpe:2.3:a:openssl:openssl:0.9.6:*:*:*:*:*:*:*" "cpe:2.3:a:openssl:openssl:0.9.6a:*:*:*:*:*:*:*" "cpe:2.3:a:openssl:openssl:0.9.6b:*:*:*:*:*:*:*" "cpe:2.3:a:openssl:openssl:0.9.6c:*:*:*:*:*:*:*" "cpe:2.3:a:openssl:openssl:0.9.6d:*:*:*:*:*:*:*" "cpe:2.3:a:openssl:openssl:0.9.6e:*:*:*:*:*:*:*" "cpe:2.3:a:openssl:openssl:0.9.6f:*:*:*:*:*:*:*" "cpe:2.3:a:openssl:openssl:0.9.6g:*:*:*:*:*:*:*" "cpe:2.3:a:openssl:openssl:0.9.6h:*:*:*:*:*:*:*" "cpe:2.3:a:openssl:openssl:0.9.6i:*:*:*:*:*:*:*" "cpe:2.3:a:openssl:openssl:0.9.6j:*:*:*:*:*:*:*" "cpe:2.3:a:openssl:openssl:0.9.6k:*:*:*:*:*:*:*" "cpe:2.3:a:openssl:openssl:0.9.6l:*:*:*:*:*:*:*" "cpe:2.3:a:openssl:openssl:0.9.6m:*:*:*:*:*:*:*" "cpe:2.3:a:openssl:openssl:0.9.7c:*:*:*:*:*:*:*" "cpe:2.3:a:openssl:openssl:0.9.7d:*:*:*:*:*:*:*" "cpe:2.3:o:gentoo:linux:*:*:*:*:*:*:*:*" "cpe:2.3:o:mandrakesoft:mandrake_linux:9.2:*:*:*:*:*:*:*" "cpe:2.3:o:mandrakesoft:mandrake_linux:9.2:*:amd64:*:*:*:*:*" "cpe:2.3:o:mandrakesoft:mandrake_linux:10.0:*:*:*:*:*:*:*" "cpe:2.3:o:mandrakesoft:mandrake_linux:10.0:*:amd64:*:*:*:*:*" "cpe:2.3:o:mandrakesoft:mandrake_linux:10.1:*:*:*:*:*:*:*" "cpe:2.3:o:mandrakesoft:mandrake_linux:10.1:*:x86_64:*:*:*:*:*" "cpe:2.3:o:mandrakesoft:mandrake_linux_corporate_server:2.1:*:*:*:*:*:*:*" "cpe:2.3:o:mandrakesoft:mandrake_linux_corporate_server:2.1:*:x86_64:*:*:*:*:*"
"Modified","CVE-2004-0976","NVD-CWE-Other",,,,,,,,,,,,,"nvd@nist.gov",2.1,LOW,"AV:L/AC:L/Au:N/C:N/I:P/A:N","cpe:2.3:a:larry_wall:perl:5.6:*:*:*:*:*:*:*" "cpe:2.3:a:larry_wall:perl:5.6.1:*:*:*:*:*:*:*" "cpe:2.3:a:larry_wall:perl:5.8.0:*:*:*:*:*:*:*" "cpe:2.3:a:larry_wall:perl:5.8.1:*:*:*:*:*:*:*" "cpe:2.3:a:larry_wall:perl:5.8.3:*:*:*:*:*:*:*"
"Modified","CVE-2004-0977","NVD-CWE-Other",,,,,,,,,,,,,"nvd@nist.gov",2.1,LOW,"AV:L/AC:L/Au:N/C:N/I:P/A:N","cpe:2.3:a:postgresql:postgresql:*:*:*:*:*:*:*:*" "cpe:2.3:a:postgresql:postgresql:*:*:*:*:*:*:*:*" "cpe:2.3:o:mandrakesoft:mandrake_linux:9.2:*:*:*:*:*:*:*" "cpe:2.3:o:mandrakesoft:mandrake_linux:9.2:*:amd64:*:*:*:*:*" "cpe:2.3:o:mandrakesoft:mandrake_linux:10.0:*:*:*:*:*:*:*" "cpe:2.3:o:mandrakesoft:mandrake_linux:10.0:*:amd64:*:*:*:*:*" "cpe:2.3:o:mandrakesoft:mandrake_linux:10.1:*:*:*:*:*:*:*" "cpe:2.3:o:mandrakesoft:mandrake_linux:10.1:*:x86_64:*:*:*:*:*" "cpe:2.3:o:mandrakesoft:mandrake_linux_corporate_server:2.1:*:*:*:*:*:*:*" "cpe:2.3:o:mandrakesoft:mandrake_linux_corporate_server:2.1:*:x86_64:*:*:*:*:*" "cpe:2.3:o:redhat:enterprise_linux:3.0:*:advanced_server:*:*:*:*:*" "cpe:2.3:o:redhat:enterprise_linux:3.0:*:enterprise_server:*:*:*:*:*" "cpe:2.3:o:redhat:enterprise_linux:3.0:*:workstation_server:*:*:*:*:*" "cpe:2.3:o:redhat:enterprise_linux_desktop:3.0:*:*:*:*:*:*:*" "cpe:2.3:o:trustix:secure_linux:2.0:*:*:*:*:*:*:*" "cpe:2.3:o:trustix:secure_linux:2.1:*:*:*:*:*:*:*"
"Modified","CVE-2004-0978","CWE-787",,,,,,,,,,,,,"nvd@nist.gov",10,CRITICAL,"AV:N/AC:L/Au:N/C:C/I:C/A:C","cpe:2.3:a:microsoft:internet_explorer:5.01:sp3:*:*:*:*:*:*" "cpe:2.3:a:microsoft:internet_explorer:5.01:sp4:*:*:*:*:*:*" "cpe:2.3:o:microsoft:windows_2000:-:sp3:*:*:*:*:*:*" "cpe:2.3:o:microsoft:windows_2000:-:sp4:*:*:*:*:*:*" "cpe:2.3:a:microsoft:internet_explorer:5.5:sp2:*:*:*:*:*:*" "cpe:2.3:o:microsoft:windows_me:-:*:*:*:*:*:*:*" "cpe:2.3:a:microsoft:internet_explorer:6:-:*:*:*:*:*:*" "cpe:2.3:o:microsoft:windows_server_2003:-:*:*:*:*:*:*:*" "cpe:2.3:o:microsoft:windows_server_2003:-:*:*:*:*:*:x64:*" "cpe:2.3:o:microsoft:windows_xp:-:*:*:*:*:*:*:*" "cpe:2.3:o:microsoft:windows_xp:-:-:*:*:*:*:x64:*" "cpe:2.3:o:microsoft:windows_xp:-:sp1:*:*:*:*:*:*" "cpe:2.3:o:microsoft:windows_xp:-:sp2:*:*:*:*:*:*" "cpe:2.3:a:microsoft:internet_explorer:6:sp1:*:*:*:*:*:*" "cpe:2.3:o:microsoft:windows_2000:-:sp3:*:*:*:*:*:*" "cpe:2.3:o:microsoft:windows_2000:-:sp4:*:*:*:*:*:*" "cpe:2.3:o:microsoft:windows_98se:-:*:*:*:*:*:*:*" "cpe:2.3:o:microsoft:windows_me:-:*:*:*:*:*:*:*" "cpe:2.3:o:microsoft:windows_nt:4.0:sp6:*:*:terminal_server:*:*:*" "cpe:2.3:o:microsoft:windows_nt:4.0:sp6a:*:*:*:*:*:*" "cpe:2.3:o:microsoft:windows_xp:-:*:*:*:*:*:*:*" "cpe:2.3:o:microsoft:windows_xp:-:sp1:*:*:*:*:*:*"
"Modified","CVE-2004-0980","NVD-CWE-Other",,,,,,,,,,,,,"nvd@nist.gov",10,CRITICAL,"AV:N/AC:L/Au:N/C:C/I:C/A:C","cpe:2.3:a:angus_mackay:ez-ipupdate:3.0.11b5:*:*:*:*:*:*:*" "cpe:2.3:a:angus_mackay:ez-ipupdate:3.0.11b8:*:*:*:*:*:*:*" "cpe:2.3:o:debian:debian_linux:3.0:*:*:*:*:*:*:*" "cpe:2.3:o:debian:debian_linux:3.0:*:alpha:*:*:*:*:*" "cpe:2.3:o:debian:debian_linux:3.0:*:arm:*:*:*:*:*" "cpe:2.3:o:debian:debian_linux:3.0:*:hppa:*:*:*:*:*" "cpe:2.3:o:debian:debian_linux:3.0:*:ia-32:*:*:*:*:*" "cpe:2.3:o:debian:debian_linux:3.0:*:ia-64:*:*:*:*:*" "cpe:2.3:o:debian:debian_linux:3.0:*:m68k:*:*:*:*:*" "cpe:2.3:o:debian:debian_linux:3.0:*:mips:*:*:*:*:*" "cpe:2.3:o:debian:debian_linux:3.0:*:mipsel:*:*:*:*:*" "cpe:2.3:o:debian:debian_linux:3.0:*:ppc:*:*:*:*:*" "cpe:2.3:o:debian:debian_linux:3.0:*:s-390:*:*:*:*:*" "cpe:2.3:o:debian:debian_linux:3.0:*:sparc:*:*:*:*:*" "cpe:2.3:o:gentoo:linux:*:*:*:*:*:*:*:*"
"Modified","CVE-2004-0981","NVD-CWE-Other",,,,,,,,,,,,,"nvd@nist.gov",10,CRITICAL,"AV:N/AC:L/Au:N/C:C/I:C/A:C","cpe:2.3:a:imagemagick:imagemagick:5.3.3:*:*:*:*:*:*:*" "cpe:2.3:a:imagemagick:imagemagick:5.4.3:*:*:*:*:*:*:*" "cpe:2.3:a:imagemagick:imagemagick:5.4.4.5:*:*:*:*:*:*:*" "cpe:2.3:a:imagemagick:imagemagick:5.4.7:*:*:*:*:*:*:*" "cpe:2.3:a:imagemagick:imagemagick:5.4.8:*:*:*:*:*:*:*" "cpe:2.3:a:imagemagick:imagemagick:5.4.8.2.1.1.0:*:*:*:*:*:*:*" "cpe:2.3:a:imagemagick:imagemagick:5.5.3.2.1.2.0:*:*:*:*:*:*:*" "cpe:2.3:a:imagemagick:imagemagick:5.5.6.0_2003-04-09:*:*:*:*:*:*:*" "cpe:2.3:a:imagemagick:imagemagick:5.5.7:*:*:*:*:*:*:*" "cpe:2.3:a:imagemagick:imagemagick:6.0:*:*:*:*:*:*:*" "cpe:2.3:a:imagemagick:imagemagick:6.0.1:*:*:*:*:*:*:*" "cpe:2.3:a:imagemagick:imagemagick:6.0.3:*:*:*:*:*:*:*" "cpe:2.3:a:imagemagick:imagemagick:6.0.4:*:*:*:*:*:*:*" "cpe:2.3:a:imagemagick:imagemagick:6.0.5:*:*:*:*:*:*:*" "cpe:2.3:a:imagemagick:imagemagick:6.0.6:*:*:*:*:*:*:*" "cpe:2.3:a:imagemagick:imagemagick:6.0.7:*:*:*:*:*:*:*" "cpe:2.3:a:imagemagick:imagemagick:6.0.8:*:*:*:*:*:*:*" "cpe:2.3:o:debian:debian_linux:3.0:*:alpha:*:*:*:*:*" "cpe:2.3:o:debian:debian_linux:3.0:*:arm:*:*:*:*:*" "cpe:2.3:o:debian:debian_linux:3.0:*:hppa:*:*:*:*:*" "cpe:2.3:o:debian:debian_linux:3.0:*:ia-32:*:*:*:*:*" "cpe:2.3:o:debian:debian_linux:3.0:*:ia-64:*:*:*:*:*" "cpe:2.3:o:debian:debian_linux:3.0:*:m68k:*:*:*:*:*" "cpe:2.3:o:debian:debian_linux:3.0:*:mips:*:*:*:*:*" "cpe:2.3:o:debian:debian_linux:3.0:*:mipsel:*:*:*:*:*" "cpe:2.3:o:debian:debian_linux:3.0:*:ppc:*:*:*:*:*" "cpe:2.3:o:debian:debian_linux:3.0:*:s-390:*:*:*:*:*" "cpe:2.3:o:debian:debian_linux:3.0:*:sparc:*:*:*:*:*" "cpe:2.3:o:gentoo:linux:*:*:*:*:*:*:*:*" "cpe:2.3:o:suse:suse_linux:8.0:*:*:*:*:*:*:*" "cpe:2.3:o:suse:suse_linux:8.1:*:*:*:*:*:*:*" "cpe:2.3:o:suse:suse_linux:8.2:*:*:*:*:*:*:*" "cpe:2.3:o:suse:suse_linux:9.0:*:*:*:*:*:*:*" "cpe:2.3:o:suse:suse_linux:9.0:*:x86_64:*:*:*:*:*" "cpe:2.3:o:suse:suse_linux:9.1:*:*:*:*:*:*:*" "cpe:2.3:o:suse:suse_linux:9.2:*:*:*:*:*:*:*"
"Modified","CVE-2004-0982","NVD-CWE-Other",,,,,,,,,,,,,"nvd@nist.gov",10,CRITICAL,"AV:N/AC:L/Au:N/C:C/I:C/A:C","cpe:2.3:a:mpg123:mpg123:0.59r:*:*:*:*:*:*:*" "cpe:2.3:a:mpg123:mpg123:pre0.59s:*:*:*:*:*:*:*"
"Modified","CVE-2004-1131","NVD-CWE-Other",,,,,,,,,,,,,"nvd@nist.gov",7.2,HIGH,"AV:L/AC:L/Au:N/C:C/I:C/A:C","cpe:2.3:o:sco:openserver:5.0.6:*:*:*:*:*:*:*" "cpe:2.3:o:sco:openserver:5.0.7:*:*:*:*:*:*:*"
"Modified","CVE-2005-0074","NVD-CWE-Other",,,,,,,,,,,,,"nvd@nist.gov",7.2,HIGH,"AV:L/AC:L/Au:N/C:C/I:C/A:C","cpe:2.3:a:xpcd:xpcd:2.08:*:*:*:*:*:*:*"
"Modified","CVE-2005-0092","NVD-CWE-Other",,,,,,,,,,,,,"nvd@nist.gov",2.1,LOW,"AV:L/AC:L/Au:N/C:N/I:N/A:P","cpe:2.3:o:redhat:enterprise_linux:4.0:*:advanced_server:*:*:*:*:*" "cpe:2.3:o:redhat:enterprise_linux:4.0:*:enterprise_server:*:*:*:*:*" "cpe:2.3:o:redhat:enterprise_linux:4.0:*:workstation:*:*:*:*:*" "cpe:2.3:o:redhat:enterprise_linux_desktop:4.0:*:*:*:*:*:*:*"
"Modified","CVE-2005-0100","NVD-CWE-Other",,,,,,,,,,,,,"nvd@nist.gov",7.5,HIGH,"AV:N/AC:L/Au:N/C:P/I:P/A:P","cpe:2.3:a:gnu:emacs:*:*:*:*:*:*:*:*" "cpe:2.3:a:gnu:emacs:21.3:*:*:*:*:*:*:*" "cpe:2.3:a:gnu:xemacs:*:*:*:*:*:*:*:*"
"Modified","CVE-2005-0101","NVD-CWE-Other",,,,,,,,,,,,,"nvd@nist.gov",7.5,HIGH,"AV:N/AC:L/Au:N/C:P/I:P/A:P","cpe:2.3:a:newspost:newspost:*:*:*:*:*:*:*:*"
"Modified","CVE-2005-0105","NVD-CWE-Other",,,,,,,,,,,,,"nvd@nist.gov",4.6,MEDIUM,"AV:L/AC:L/Au:N/C:P/I:P/A:P","cpe:2.3:a:typespeed:typespeed:0.4.1:*:*:*:*:*:*:*"
"Modified","CVE-2005-0107","NVD-CWE-Other",,,,,,,,,,,,,"nvd@nist.gov",7.5,HIGH,"AV:N/AC:L/Au:N/C:P/I:P/A:P","cpe:2.3:a:debian:bsmtpd:*:*:*:*:*:*:*:*"
"Modified","CVE-2005-0114","NVD-CWE-Other",,,,,,,,,,,,,"nvd@nist.gov",2.1,LOW,"AV:L/AC:L/Au:N/C:N/I:N/A:P","cpe:2.3:a:checkpoint:check_point_integrity_client:*:*:*:*:*:*:*:*" "cpe:2.3:a:checkpoint:check_point_integrity_client:4.5.122.000:*:*:*:*:*:*:*" "cpe:2.3:a:zonelabs:zonealarm:5.5.062.011:*:*:*:*:*:*:*" "cpe:2.3:a:zonelabs:zonealarm_wireless_security:*:*:*:*:*:*:*:*"
"Modified","CVE-2005-0149","NVD-CWE-Other",,,,,,,,,,,,,"nvd@nist.gov",5,MEDIUM,"AV:N/AC:L/Au:N/C:N/I:P/A:N","cpe:2.3:a:mozilla:mozilla:1.7:*:*:*:*:*:*:*" "cpe:2.3:a:mozilla:mozilla:1.7:alpha:*:*:*:*:*:*" "cpe:2.3:a:mozilla:mozilla:1.7:beta:*:*:*:*:*:*" "cpe:2.3:a:mozilla:mozilla:1.7:rc1:*:*:*:*:*:*" "cpe:2.3:a:mozilla:mozilla:1.7:rc2:*:*:*:*:*:*" "cpe:2.3:a:mozilla:mozilla:1.7:rc3:*:*:*:*:*:*" "cpe:2.3:a:mozilla:mozilla:1.7.1:*:*:*:*:*:*:*" "cpe:2.3:a:mozilla:mozilla:1.7.2:*:*:*:*:*:*:*" "cpe:2.3:a:mozilla:mozilla:1.7.3:*:*:*:*:*:*:*" "cpe:2.3:a:mozilla:thunderbird:0.6:*:*:*:*:*:*:*" "cpe:2.3:a:mozilla:thunderbird:0.7:*:*:*:*:*:*:*" "cpe:2.3:a:mozilla:thunderbird:0.7.1:*:*:*:*:*:*:*" "cpe:2.3:a:mozilla:thunderbird:0.7.2:*:*:*:*:*:*:*" "cpe:2.3:a:mozilla:thunderbird:0.7.3:*:*:*:*:*:*:*" "cpe:2.3:a:mozilla:thunderbird:0.9:*:*:*:*:*:*:*"
"Modified","CVE-2005-0152","NVD-CWE-Other",,,,,,,,,,,,,"nvd@nist.gov",7.5,HIGH,"AV:N/AC:L/Au:N/C:P/I:P/A:P","cpe:2.3:a:squirrelmail:squirrelmail:1.2.6:*:*:*:*:*:*:*"
"Modified","CVE-2005-0156","NVD-CWE-Other",,,,,,,,,,,,,"nvd@nist.gov",2.1,LOW,"AV:L/AC:L/Au:N/C:N/I:P/A:N","cpe:2.3:a:larry_wall:perl:5.8.0:*:*:*:*:*:*:*" "cpe:2.3:a:larry_wall:perl:5.8.1:*:*:*:*:*:*:*" "cpe:2.3:a:larry_wall:perl:5.8.3:*:*:*:*:*:*:*" "cpe:2.3:a:larry_wall:perl:5.8.4:*:*:*:*:*:*:*" "cpe:2.3:a:larry_wall:perl:5.8.4.1:*:*:*:*:*:*:*" "cpe:2.3:a:larry_wall:perl:5.8.4.2:*:*:*:*:*:*:*" "cpe:2.3:a:larry_wall:perl:5.8.4.2.3:*:*:*:*:*:*:*" "cpe:2.3:a:larry_wall:perl:5.8.4.3:*:*:*:*:*:*:*" "cpe:2.3:a:larry_wall:perl:5.8.4.4:*:*:*:*:*:*:*" "cpe:2.3:a:larry_wall:perl:5.8.4.5:*:*:*:*:*:*:*" "cpe:2.3:a:sgi:propack:3.0:*:*:*:*:*:*:*" "cpe:2.3:o:ibm:aix:5.2:*:*:*:*:*:*:*" "cpe:2.3:o:ibm:aix:5.3:*:*:*:*:*:*:*" "cpe:2.3:o:redhat:enterprise_linux:3.0:*:advanced_server:*:*:*:*:*" "cpe:2.3:o:redhat:enterprise_linux:3.0:*:enterprise_server:*:*:*:*:*" "cpe:2.3:o:redhat:enterprise_linux:3.0:*:workstation_server:*:*:*:*:*" "cpe:2.3:o:redhat:enterprise_linux_desktop:3.0:*:*:*:*:*:*:*" "cpe:2.3:o:redhat:fedora_core:core_3.0:*:*:*:*:*:*:*" "cpe:2.3:o:suse:suse_linux:8.0:*:*:*:*:*:*:*" "cpe:2.3:o:suse:suse_linux:8.0:*:i386:*:*:*:*:*" "cpe:2.3:o:suse:suse_linux:8.1:*:*:*:*:*:*:*" "cpe:2.3:o:suse:suse_linux:8.2:*:*:*:*:*:*:*" "cpe:2.3:o:suse:suse_linux:9.0:*:*:*:*:*:*:*" "cpe:2.3:o:suse:suse_linux:9.0:*:x86_64:*:*:*:*:*" "cpe:2.3:o:suse:suse_linux:9.1:*:*:*:*:*:*:*" "cpe:2.3:o:suse:suse_linux:9.2:*:*:*:*:*:*:*" "cpe:2.3:o:trustix:secure_linux:1.5:*:*:*:*:*:*:*" "cpe:2.3:o:trustix:secure_linux:2.0:*:*:*:*:*:*:*" "cpe:2.3:o:trustix:secure_linux:2.1:*:*:*:*:*:*:*" "cpe:2.3:o:trustix:secure_linux:2.2:*:*:*:*:*:*:*" "cpe:2.3:o:ubuntu:ubuntu_linux:4.1:*:ia64:*:*:*:*:*" "cpe:2.3:o:ubuntu:ubuntu_linux:4.1:*:ppc:*:*:*:*:*"
"Modified","CVE-2005-0160","NVD-CWE-Other",,,,,,,,,,,,,"nvd@nist.gov",5.1,MEDIUM,"AV:N/AC:H/Au:N/C:P/I:P/A:P","cpe:2.3:a:e-merge:unace:1.2b:*:*:*:*:*:*:*"
"Modified","CVE-2005-0161","NVD-CWE-Other",,,,,,,,,,,,,"nvd@nist.gov",2.1,LOW,"AV:L/AC:L/Au:N/C:N/I:P/A:N","cpe:2.3:a:e-merge:unace:1.2b:*:*:*:*:*:*:*"
"Modified","CVE-2005-0174","NVD-CWE-Other",,,,,,,,,,,,,"nvd@nist.gov",5,MEDIUM,"AV:N/AC:L/Au:N/C:N/I:P/A:N","cpe:2.3:a:squid:squid:2.5.6:*:*:*:*:*:*:*" "cpe:2.3:a:squid:squid:2.5.stable1:*:*:*:*:*:*:*" "cpe:2.3:a:squid:squid:2.5.stable2:*:*:*:*:*:*:*" "cpe:2.3:a:squid:squid:2.5.stable3:*:*:*:*:*:*:*" "cpe:2.3:a:squid:squid:2.5.stable4:*:*:*:*:*:*:*" "cpe:2.3:a:squid:squid:2.5.stable5:*:*:*:*:*:*:*" "cpe:2.3:a:squid:squid:2.5.stable6:*:*:*:*:*:*:*" "cpe:2.3:a:squid:squid:2.5.stable7:*:*:*:*:*:*:*" "cpe:2.3:a:squid:squid:2.5_.stable1:*:*:*:*:*:*:*" "cpe:2.3:a:squid:squid:2.5_.stable3:*:*:*:*:*:*:*" "cpe:2.3:a:squid:squid:2.5_.stable4:*:*:*:*:*:*:*" "cpe:2.3:a:squid:squid:2.5_.stable5:*:*:*:*:*:*:*" "cpe:2.3:a:squid:squid:2.5_.stable6:*:*:*:*:*:*:*" "cpe:2.3:a:squid:squid:2.5_stable3:*:*:*:*:*:*:*" "cpe:2.3:a:squid:squid:2.5_stable4:*:*:*:*:*:*:*" "cpe:2.3:a:squid:squid:2.5_stable9:*:*:*:*:*:*:*"
"Modified","CVE-2005-0175","NVD-CWE-Other",,,,,,,,,,,,,"nvd@nist.gov",5,MEDIUM,"AV:N/AC:L/Au:N/C:N/I:P/A:N","cpe:2.3:a:squid:squid:2.5.6:*:*:*:*:*:*:*" "cpe:2.3:a:squid:squid:2.5.stable1:*:*:*:*:*:*:*" "cpe:2.3:a:squid:squid:2.5.stable2:*:*:*:*:*:*:*" "cpe:2.3:a:squid:squid:2.5.stable3:*:*:*:*:*:*:*" "cpe:2.3:a:squid:squid:2.5.stable4:*:*:*:*:*:*:*" "cpe:2.3:a:squid:squid:2.5.stable5:*:*:*:*:*:*:*" "cpe:2.3:a:squid:squid:2.5.stable6:*:*:*:*:*:*:*" "cpe:2.3:a:squid:squid:2.5.stable7:*:*:*:*:*:*:*" "cpe:2.3:a:squid:squid:2.5_.stable1:*:*:*:*:*:*:*" "cpe:2.3:a:squid:squid:2.5_.stable3:*:*:*:*:*:*:*" "cpe:2.3:a:squid:squid:2.5_.stable4:*:*:*:*:*:*:*" "cpe:2.3:a:squid:squid:2.5_.stable5:*:*:*:*:*:*:*" "cpe:2.3:a:squid:squid:2.5_.stable6:*:*:*:*:*:*:*" "cpe:2.3:a:squid:squid:2.5_stable3:*:*:*:*:*:*:*" "cpe:2.3:a:squid:squid:2.5_stable4:*:*:*:*:*:*:*" "cpe:2.3:a:squid:squid:2.5_stable9:*:*:*:*:*:*:*"
"Modified","CVE-2005-0176","NVD-CWE-Other",,,,,,,,,,,,,"nvd@nist.gov",5,MEDIUM,"AV:N/AC:L/Au:N/C:P/I:N/A:N","cpe:2.3:o:linux:linux_kernel:2.6.9:2.6.20:*:*:*:*:*:*"
"Modified","CVE-2005-0226","NVD-CWE-Other",,,,,,,,,,,,,"nvd@nist.gov",7.5,HIGH,"AV:N/AC:L/Au:N/C:P/I:P/A:P","cpe:2.3:a:ngircd:ngircd:0.8.2:*:*:*:*:*:*:*"
"Modified","CVE-2005-0231","NVD-CWE-Other",,,,,,,,,,,,,"nvd@nist.gov",2.6,LOW,"AV:N/AC:H/Au:N/C:N/I:P/A:N","cpe:2.3:a:mozilla:firefox:1.0:*:*:*:*:*:*:*"
"Modified","CVE-2005-0233","NVD-CWE-noinfo",,,,,,,,,,,,,"nvd@nist.gov",7.5,HIGH,"AV:N/AC:L/Au:N/C:P/I:P/A:P","cpe:2.3:a:mozilla:camino:0.8.5:*:*:*:*:*:*:*" "cpe:2.3:a:mozilla:firefox:1.0:*:*:*:*:*:*:*" "cpe:2.3:a:mozilla:mozilla:*:*:*:*:*:*:*:*" "cpe:2.3:a:omnigroup:omniweb:5:*:*:*:*:*:*:*" "cpe:2.3:a:opera:opera_browser:*:*:*:*:*:*:*:*" "cpe:2.3:a:opera_software:opera_web_browser:7.54:*:*:*:*:*:*:*"
"Modified","CVE-2005-0242","NVD-CWE-Other",,,,,,,,,,,,,"nvd@nist.gov",4.6,MEDIUM,"AV:L/AC:L/Au:N/C:P/I:P/A:P","cpe:2.3:a:yahoo:messenger:5.5:*:*:*:*:*:*:*" "cpe:2.3:a:yahoo:messenger:5.6:*:*:*:*:*:*:*" "cpe:2.3:a:yahoo:messenger:5.6.0.1351:*:*:*:*:*:*:*" "cpe:2.3:a:yahoo:messenger:6.0:*:*:*:*:*:*:*" "cpe:2.3:a:yahoo:messenger:6.0.0.1750:*:*:*:*:*:*:*"
"Modified","CVE-2005-0243","NVD-CWE-Other",,,,,,,,,,,,,"nvd@nist.gov",5,MEDIUM,"AV:N/AC:L/Au:N/C:N/I:P/A:N","cpe:2.3:a:yahoo:messenger:5.5:*:*:*:*:*:*:*" "cpe:2.3:a:yahoo:messenger:5.6:*:*:*:*:*:*:*" "cpe:2.3:a:yahoo:messenger:5.6.0.1351:*:*:*:*:*:*:*" "cpe:2.3:a:yahoo:messenger:6.0:*:*:*:*:*:*:*" "cpe:2.3:a:yahoo:messenger:6.0.0.1750:*:*:*:*:*:*:*"
"Modified","CVE-2005-0245","NVD-CWE-Other",,,,,,,,,,,,,"nvd@nist.gov",7.5,HIGH,"AV:N/AC:L/Au:N/C:P/I:P/A:P","cpe:2.3:a:postgresql:postgresql:*:*:*:*:*:*:*:*" "cpe:2.3:a:postgresql:postgresql:*:*:*:*:*:*:*:*" "cpe:2.3:a:postgresql:postgresql:8.0:*:*:*:*:*:*:*"
"Modified","CVE-2005-0249","NVD-CWE-Other",,,,,,,,,,,,,"nvd@nist.gov",7.5,HIGH,"AV:N/AC:L/Au:N/C:P/I:P/A:P","cpe:2.3:a:symantec:antivirus_scan_engine:*:*:*:*:*:*:*:*" "cpe:2.3:a:symantec:brightmail_antispam:4.0:*:*:*:*:*:*:*" "cpe:2.3:a:symantec:brightmail_antispam:5.5:*:*:*:*:*:*:*" "cpe:2.3:a:symantec:client_security:1.0.1_build_8.01.434:mr3:*:*:*:*:*:*" "cpe:2.3:a:symantec:client_security:1.0.1_build_8.01.437:*:*:*:*:*:*:*" "cpe:2.3:a:symantec:client_security:1.0.1_build_8.01.446:mr4:*:*:*:*:*:*" "cpe:2.3:a:symantec:client_security:1.0.1_build_8.01.457:mr5:*:*:*:*:*:*" "cpe:2.3:a:symantec:client_security:1.0.1_build_8.01.460:mr6:*:*:*:*:*:*" "cpe:2.3:a:symantec:client_security:1.0.1_build_8.01.464:mr7:*:*:*:*:*:*" "cpe:2.3:a:symantec:client_security:1.0.1_build_8.01.471:mr8:*:*:*:*:*:*" "cpe:2.3:a:symantec:client_security:1.1.1_mr1_build_8.1.1.314a:*:*:*:*:*:*:*" "cpe:2.3:a:symantec:client_security:1.1.1_mr2_build_8.1.1.319:*:*:*:*:*:*:*" "cpe:2.3:a:symantec:client_security:1.1.1_mr3_build_8.1.1.323:*:*:*:*:*:*:*" "cpe:2.3:a:symantec:client_security:1.1.1_mr4_build_8.1.1.329:*:*:*:*:*:*:*" "cpe:2.3:a:symantec:client_security:1.1.1_mr5_build_8.1.1.336:*:*:*:*:*:*:*" "cpe:2.3:a:symantec:gateway_security:1.0:*:*:*:*:*:*:*" "cpe:2.3:a:symantec:gateway_security:2.0:*:*:*:*:*:*:*" "cpe:2.3:a:symantec:gateway_security:2.0.1:*:*:*:*:*:*:*" "cpe:2.3:a:symantec:mail_security:4.0:*:domino:*:*:*:*:*" "cpe:2.3:a:symantec:mail_security:4.1:build_458:exchange:*:*:*:*:*" "cpe:2.3:a:symantec:mail_security:4.1:build_459:exchange:*:*:*:*:*" "cpe:2.3:a:symantec:mail_security:4.1:build_461:exchange:*:*:*:*:*" "cpe:2.3:a:symantec:mail_security:4.5_build_719:*:exchange:*:*:*:*:*" "cpe:2.3:a:symantec:norton_antivirus:2.18_build_83:*:exchange:*:*:*:*:*" "cpe:2.3:a:symantec:norton_antivirus:8.1.1.319:*:corporate:*:*:*:*:*" "cpe:2.3:a:symantec:norton_antivirus:8.1.1.323:*:corporate:*:*:*:*:*" "cpe:2.3:a:symantec:norton_antivirus:8.1.1.329:*:corporate:*:*:*:*:*" "cpe:2.3:a:symantec:norton_antivirus:8.1.1_build8.1.1.314a:*:corporate:*:*:*:*:*" "cpe:2.3:a:symantec:norton_antivirus:8.01.434:*:corporate:*:*:*:*:*" "cpe:2.3:a:symantec:norton_antivirus:8.01.437:*:corporate:*:*:*:*:*" "cpe:2.3:a:symantec:norton_antivirus:8.01.446:*:corporate:*:*:*:*:*" "cpe:2.3:a:symantec:norton_antivirus:8.01.457:*:corporate:*:*:*:*:*" "cpe:2.3:a:symantec:norton_antivirus:8.01.460:*:corporate:*:*:*:*:*" "cpe:2.3:a:symantec:norton_antivirus:8.01.464:*:corporate:*:*:*:*:*" "cpe:2.3:a:symantec:norton_antivirus:8.01.471:*:corporate:*:*:*:*:*" "cpe:2.3:a:symantec:norton_antivirus:9.0:*:macintosh_corporate:*:*:*:*:*" "cpe:2.3:a:symantec:norton_antivirus:2004:*:windows:*:*:*:*:*" "cpe:2.3:a:symantec:norton_internet_security:2004:*:professional:*:*:*:*:*" "cpe:2.3:a:symantec:norton_system_works:2004:*:windows:*:*:*:*:*" "cpe:2.3:a:symantec:sav_filter_domino_nt_ports:build3.0.5:*:aix:*:*:*:*:*" "cpe:2.3:a:symantec:sav_filter_domino_nt_ports:build3.0.5:*:os_400:*:*:*:*:*" "cpe:2.3:a:symantec:sav_filter_for_domino_nt:3.1.1:*:*:*:*:*:*:*" "cpe:2.3:a:symantec:web_security:3.01.59:*:*:*:*:*:*:*" "cpe:2.3:a:symantec:web_security:3.01.60:*:*:*:*:*:*:*" "cpe:2.3:a:symantec:web_security:3.01.61:*:*:*:*:*:*:*" "cpe:2.3:a:symantec:web_security:3.01.62:*:*:*:*:*:*:*" "cpe:2.3:a:symantec:web_security:3.01.63:*:*:*:*:*:*:*" "cpe:2.3:a:symantec:web_security:3.01.67:*:*:*:*:*:*:*" "cpe:2.3:a:symantec:web_security:3.01.68:*:*:*:*:*:*:*"
"Modified","CVE-2005-0261","NVD-CWE-Other",,,,,,,,,,,,,"nvd@nist.gov",2.1,LOW,"AV:L/AC:L/Au:N/C:P/I:N/A:N","cpe:2.3:o:ibm:aix:5.2:*:*:*:*:*:*:*" "cpe:2.3:o:ibm:aix:5.3:*:*:*:*:*:*:*"
"Modified","CVE-2005-0362","NVD-CWE-Other",,,,,,,,,,,,,"nvd@nist.gov",4.6,MEDIUM,"AV:L/AC:L/Au:N/C:P/I:P/A:P","cpe:2.3:a:awstats:awstats:4.0:*:*:*:*:*:*:*" "cpe:2.3:a:awstats:awstats:5.0:*:*:*:*:*:*:*" "cpe:2.3:a:awstats:awstats:5.1:*:*:*:*:*:*:*" "cpe:2.3:a:awstats:awstats:5.2:*:*:*:*:*:*:*" "cpe:2.3:a:awstats:awstats:5.3:*:*:*:*:*:*:*" "cpe:2.3:a:awstats:awstats:5.4:*:*:*:*:*:*:*" "cpe:2.3:a:awstats:awstats:5.5:*:*:*:*:*:*:*" "cpe:2.3:a:awstats:awstats:5.7:*:*:*:*:*:*:*" "cpe:2.3:a:awstats:awstats:5.8:*:*:*:*:*:*:*" "cpe:2.3:a:awstats:awstats:5.9:*:*:*:*:*:*:*" "cpe:2.3:a:awstats:awstats:6.0:*:*:*:*:*:*:*" "cpe:2.3:a:awstats:awstats:6.1:*:*:*:*:*:*:*" "cpe:2.3:a:awstats:awstats:6.2:*:*:*:*:*:*:*" "cpe:2.3:a:awstats:awstats:6.3:*:*:*:*:*:*:*"
"Modified","CVE-2005-0364","NVD-CWE-Other",,,,,,,,,,,,,"nvd@nist.gov",5,MEDIUM,"AV:N/AC:L/Au:N/C:N/I:N/A:P","cpe:2.3:o:hp:hp-ux:11.00:*:*:*:*:*:*:*" "cpe:2.3:o:hp:hp-ux:11.11:*:*:*:*:*:*:*" "cpe:2.3:o:hp:hp-ux:11.23:*:ia64_64-bit:*:*:*:*:*"
"Modified","CVE-2005-0367","NVD-CWE-Other",,,,,,,,,,,,,"nvd@nist.gov",4.6,MEDIUM,"AV:L/AC:L/Au:N/C:P/I:P/A:P","cpe:2.3:a:argosoft:argosoft_mail_server:1.8.7.3:*:*:*:*:*:*:*"
"Modified","CVE-2005-0406","CWE-212",,,,,"nvd@nist.gov",5.5,"MEDIUM","CVSS:3.1/AV:L/AC:L/PR:L/UI:N/S:U/C:H/I:N/A:N",,,,,"nvd@nist.gov",2.1,LOW,"AV:L/AC:L/Au:N/C:P/I:N/A:N","cpe:2.3:a:image_processing_project:image_processing:-:*:*:*:*:*:*:*"
"Modified","CVE-2005-0408","CWE-916",,,,,"nvd@nist.gov",9.8,"CRITICAL","CVSS:3.1/AV:N/AC:L/PR:N/UI:N/S:U/C:H/I:H/A:H",,,,,"nvd@nist.gov",7.5,HIGH,"AV:N/AC:L/Au:N/C:P/I:P/A:P","cpe:2.3:a:citrusdb:citrusdb:*:*:*:*:*:*:*:*"
"Modified","CVE-2005-0409","NVD-CWE-Other",,,,,,,,,,,,,"nvd@nist.gov",6.4,MEDIUM,"AV:N/AC:L/Au:N/C:P/I:P/A:N","cpe:2.3:a:citrusdb:citrusdb:*:*:*:*:*:*:*:*"
"Modified","CVE-2005-0410","NVD-CWE-Other",,,,,,,,,,,,,"nvd@nist.gov",5,MEDIUM,"AV:N/AC:L/Au:N/C:N/I:P/A:N","cpe:2.3:a:citrusdb:citrusdb:*:*:*:*:*:*:*:*"
"Modified","CVE-2005-0411","NVD-CWE-Other",,,,,,,,,,,,,"nvd@nist.gov",7.5,HIGH,"AV:N/AC:L/Au:N/C:P/I:P/A:P","cpe:2.3:a:citrusdb:citrusdb:*:*:*:*:*:*:*:*"
"Modified","CVE-2005-0430","NVD-CWE-Other",,,,,,,,,,,,,"nvd@nist.gov",5,MEDIUM,"AV:N/AC:L/Au:N/C:N/I:N/A:P","cpe:2.3:a:id_software:quake_3_engine:*:*:*:*:*:*:*:*"
"Modified","CVE-2005-0433","NVD-CWE-Other",,,,,,,,,,,,,"nvd@nist.gov",5,MEDIUM,"AV:N/AC:L/Au:N/C:P/I:N/A:N","cpe:2.3:a:francisco_burzi:php-nuke:6.0:*:*:*:*:*:*:*" "cpe:2.3:a:francisco_burzi:php-nuke:6.5:*:*:*:*:*:*:*" "cpe:2.3:a:francisco_burzi:php-nuke:6.5_beta1:*:*:*:*:*:*:*" "cpe:2.3:a:francisco_burzi:php-nuke:6.5_final:*:*:*:*:*:*:*" "cpe:2.3:a:francisco_burzi:php-nuke:6.5_rc1:*:*:*:*:*:*:*" "cpe:2.3:a:francisco_burzi:php-nuke:6.5_rc2:*:*:*:*:*:*:*" "cpe:2.3:a:francisco_burzi:php-nuke:6.5_rc3:*:*:*:*:*:*:*" "cpe:2.3:a:francisco_burzi:php-nuke:6.6:*:*:*:*:*:*:*" "cpe:2.3:a:francisco_burzi:php-nuke:6.7:*:*:*:*:*:*:*" "cpe:2.3:a:francisco_burzi:php-nuke:6.9:*:*:*:*:*:*:*" "cpe:2.3:a:francisco_burzi:php-nuke:7.0:*:*:*:*:*:*:*" "cpe:2.3:a:francisco_burzi:php-nuke:7.0_final:*:*:*:*:*:*:*" "cpe:2.3:a:francisco_burzi:php-nuke:7.1:*:*:*:*:*:*:*" "cpe:2.3:a:francisco_burzi:php-nuke:7.2:*:*:*:*:*:*:*" "cpe:2.3:a:francisco_burzi:php-nuke:7.3:*:*:*:*:*:*:*" "cpe:2.3:a:francisco_burzi:php-nuke:7.6:*:*:*:*:*:*:*"
"Modified","CVE-2005-0434","NVD-CWE-Other",,,,,,,,,,,,,"nvd@nist.gov",4.3,MEDIUM,"AV:N/AC:M/Au:N/C:N/I:P/A:N","cpe:2.3:a:francisco_burzi:php-nuke:6.0:*:*:*:*:*:*:*" "cpe:2.3:a:francisco_burzi:php-nuke:6.5:*:*:*:*:*:*:*" "cpe:2.3:a:francisco_burzi:php-nuke:6.5_beta1:*:*:*:*:*:*:*" "cpe:2.3:a:francisco_burzi:php-nuke:6.5_final:*:*:*:*:*:*:*" "cpe:2.3:a:francisco_burzi:php-nuke:6.5_rc1:*:*:*:*:*:*:*" "cpe:2.3:a:francisco_burzi:php-nuke:6.5_rc2:*:*:*:*:*:*:*" "cpe:2.3:a:francisco_burzi:php-nuke:6.5_rc3:*:*:*:*:*:*:*" "cpe:2.3:a:francisco_burzi:php-nuke:6.6:*:*:*:*:*:*:*" "cpe:2.3:a:francisco_burzi:php-nuke:6.7:*:*:*:*:*:*:*" "cpe:2.3:a:francisco_burzi:php-nuke:6.9:*:*:*:*:*:*:*" "cpe:2.3:a:francisco_burzi:php-nuke:7.0:*:*:*:*:*:*:*" "cpe:2.3:a:francisco_burzi:php-nuke:7.0_final:*:*:*:*:*:*:*" "cpe:2.3:a:francisco_burzi:php-nuke:7.1:*:*:*:*:*:*:*" "cpe:2.3:a:francisco_burzi:php-nuke:7.2:*:*:*:*:*:*:*" "cpe:2.3:a:francisco_burzi:php-nuke:7.3:*:*:*:*:*:*:*" "cpe:2.3:a:francisco_burzi:php-nuke:7.6:*:*:*:*:*:*:*"
"Modified","CVE-2005-0444","NVD-CWE-Other",,,,,,,,,,,,,"nvd@nist.gov",4.6,MEDIUM,"AV:L/AC:L/Au:N/C:P/I:P/A:P","cpe:2.3:a:vmware:workstation:*:r4:*:*:*:*:*:*"
"Modified","CVE-2005-0447","NVD-CWE-Other",,,,,,,,,,,,,"nvd@nist.gov",5,MEDIUM,"AV:N/AC:L/Au:N/C:N/I:N/A:P","cpe:2.3:o:sun:solaris:9.0:*:sparc:*:*:*:*:*" "cpe:2.3:o:sun:sunos:5.7:*:*:*:*:*:*:*" "cpe:2.3:o:sun:sunos:5.8:*:*:*:*:*:*:*"
"Modified","CVE-2005-0452","NVD-CWE-Other",,,,,,,,,,,,,"nvd@nist.gov",4.3,MEDIUM,"AV:N/AC:M/Au:N/C:N/I:P/A:N","cpe:2.3:a:microsoft:asp.net:1.0:*:*:*:*:*:*:*" "cpe:2.3:a:microsoft:asp.net:1.0:sp1:*:*:*:*:*:*" "cpe:2.3:a:microsoft:asp.net:1.0:sp2:*:*:*:*:*:*" "cpe:2.3:a:microsoft:asp.net:1.1:*:*:*:*:*:*:*" "cpe:2.3:a:microsoft:asp.net:1.1:sp1:*:*:*:*:*:*"
"Modified","CVE-2005-0453","NVD-CWE-Other",,,,,,,,,,,,,"nvd@nist.gov",5,MEDIUM,"AV:N/AC:L/Au:N/C:P/I:N/A:N","cpe:2.3:a:lighttpd:lighttpd:1.3.7:*:*:*:*:*:*:*"
"Modified","CVE-2005-0462","NVD-CWE-Other",,,,,,,,,,,,,"nvd@nist.gov",4.3,MEDIUM,"AV:N/AC:M/Au:N/C:N/I:P/A:N","cpe:2.3:a:mercuryboard:mercuryboard:1.0:*:*:*:*:*:*:*" "cpe:2.3:a:mercuryboard:mercuryboard:1.1:*:*:*:*:*:*:*" "cpe:2.3:a:mercuryboard:mercuryboard:1.1.1:*:*:*:*:*:*:*"
"Modified","CVE-2005-0467","NVD-CWE-Other",,,,,,,,,,,,,"nvd@nist.gov",7.5,HIGH,"AV:N/AC:L/Au:N/C:P/I:P/A:P","cpe:2.3:a:putty:putty:*:*:*:*:*:*:*:*"
"Modified","CVE-2005-0494","NVD-CWE-Other",,,,,,,,,,,,,"nvd@nist.gov",7.5,HIGH,"AV:N/AC:L/Au:N/C:P/I:P/A:P","cpe:2.3:h:thomson:thomson_cable_modem:tcw690:*:*:*:*:*:*:*"
"Modified","CVE-2005-0495","NVD-CWE-Other",,,,,,,,,,,,,"nvd@nist.gov",4.3,MEDIUM,"AV:N/AC:M/Au:N/C:N/I:P/A:N","cpe:2.3:a:zeroboard:zeroboard:4.1_pl2:*:*:*:*:*:*:*" "cpe:2.3:a:zeroboard:zeroboard:4.1_pl3:*:*:*:*:*:*:*" "cpe:2.3:a:zeroboard:zeroboard:4.1_pl4:*:*:*:*:*:*:*" "cpe:2.3:a:zeroboard:zeroboard:4.1_pl5:*:*:*:*:*:*:*" "cpe:2.3:a:zeroboard:zeroboard:4.1_pl6:*:*:*:*:*:*:*"
"Modified","CVE-2005-0496","CWE-798",,,,,"nvd@nist.gov",9.8,"CRITICAL","CVSS:3.1/AV:N/AC:L/PR:N/UI:N/S:U/C:H/I:H/A:H",,,,,"nvd@nist.gov",7.5,HIGH,"AV:N/AC:L/Au:N/C:P/I:P/A:P","cpe:2.3:a:arkeia:network_backup:5.0:*:*:*:*:*:*:*"
"Modified","CVE-2005-0499","NVD-CWE-Other",,,,,,,,,,,,,"nvd@nist.gov",5,MEDIUM,"AV:N/AC:L/Au:N/C:N/I:N/A:P","cpe:2.3:h:gigafast_ethernet:gigafast_router:ee400-r:*:*:*:*:*:*:*" "cpe:2.3:h:gigafast_ethernet:gigafast_router:ee410-r:*:*:*:*:*:*:*"
"Modified","CVE-2005-0502","NVD-CWE-Other",,,,,,,,,,,,,"nvd@nist.gov",5,MEDIUM,"AV:N/AC:L/Au:N/C:P/I:N/A:N","cpe:2.3:a:xinkaa_web_station:xinkaa_web_station:1.0.3:*:*:*:*:*:*:*"
"Modified","CVE-2005-0503","NVD-CWE-Other",,,,,,,,,,,,,"nvd@nist.gov",4.6,MEDIUM,"AV:L/AC:L/Au:N/C:P/I:P/A:P","cpe:2.3:a:uim:uim:0.4.5:*:*:*:*:*:*:*" "cpe:2.3:o:mandrakesoft:mandrake_linux:10.1:*:*:*:*:*:*:*" "cpe:2.3:o:mandrakesoft:mandrake_linux:10.1:*:x86_64:*:*:*:*:*"
"Modified","CVE-2005-0511","NVD-CWE-Other",,,,,,,,,,,,,"nvd@nist.gov",7.5,HIGH,"AV:N/AC:L/Au:N/C:P/I:P/A:P","cpe:2.3:a:jelsoft:vbulletin:2.0:*:*:*:*:*:*:*" "cpe:2.3:a:jelsoft:vbulletin:2.0.1:*:*:*:*:*:*:*" "cpe:2.3:a:jelsoft:vbulletin:2.0.2:*:*:*:*:*:*:*" "cpe:2.3:a:jelsoft:vbulletin:2.0_beta_2:*:*:*:*:*:*:*" "cpe:2.3:a:jelsoft:vbulletin:2.0_beta_3:*:*:*:*:*:*:*" "cpe:2.3:a:jelsoft:vbulletin:2.2.0:*:*:*:*:*:*:*" "cpe:2.3:a:jelsoft:vbulletin:2.2.1:*:*:*:*:*:*:*" "cpe:2.3:a:jelsoft:vbulletin:2.2.2:*:*:*:*:*:*:*" "cpe:2.3:a:jelsoft:vbulletin:2.2.3:*:*:*:*:*:*:*" "cpe:2.3:a:jelsoft:vbulletin:2.2.4:*:*:*:*:*:*:*" "cpe:2.3:a:jelsoft:vbulletin:2.2.5:*:*:*:*:*:*:*" "cpe:2.3:a:jelsoft:vbulletin:2.2.6:*:*:*:*:*:*:*" "cpe:2.3:a:jelsoft:vbulletin:2.2.7:*:*:*:*:*:*:*" "cpe:2.3:a:jelsoft:vbulletin:2.2.8:*:*:*:*:*:*:*" "cpe:2.3:a:jelsoft:vbulletin:2.2.9_can:*:*:*:*:*:*:*" "cpe:2.3:a:jelsoft:vbulletin:2.3.0:*:*:*:*:*:*:*" "cpe:2.3:a:jelsoft:vbulletin:2.3.3:*:*:*:*:*:*:*" "cpe:2.3:a:jelsoft:vbulletin:2.3.4:*:*:*:*:*:*:*" "cpe:2.3:a:jelsoft:vbulletin:3.0.0:*:*:*:*:*:*:*" "cpe:2.3:a:jelsoft:vbulletin:3.0.0_beta_2:*:*:*:*:*:*:*" "cpe:2.3:a:jelsoft:vbulletin:3.0.0_can4:*:*:*:*:*:*:*" "cpe:2.3:a:jelsoft:vbulletin:3.0.0_rc4:*:*:*:*:*:*:*" "cpe:2.3:a:jelsoft:vbulletin:3.0.1:*:*:*:*:*:*:*" "cpe:2.3:a:jelsoft:vbulletin:3.0.2:*:*:*:*:*:*:*" "cpe:2.3:a:jelsoft:vbulletin:3.0.3:*:*:*:*:*:*:*" "cpe:2.3:a:jelsoft:vbulletin:3.0.4:*:*:*:*:*:*:*" "cpe:2.3:a:jelsoft:vbulletin:3.0.5:*:*:*:*:*:*:*" "cpe:2.3:a:jelsoft:vbulletin:3.0.6:*:*:*:*:*:*:*" "cpe:2.3:a:jelsoft:vbulletin:3.0_beta_2:*:*:*:*:*:*:*"
"Modified","CVE-2005-0512","NVD-CWE-Other",,,,,,,,,,,,,"nvd@nist.gov",7.5,HIGH,"AV:N/AC:L/Au:N/C:P/I:P/A:P","cpe:2.3:a:mambo:mambo:*:*:*:*:*:*:*:*"
"Modified","CVE-2005-0513","NVD-CWE-Other",,,,,,,,,,,,,"nvd@nist.gov",7.5,HIGH,"AV:N/AC:L/Au:N/C:P/I:P/A:P","cpe:2.3:a:pmachine:pmachine_pro:2.4:*:*:*:*:*:*:*"
"Modified","CVE-2005-0514","NVD-CWE-Other",,,,,,,,,,,,,"nvd@nist.gov",4.3,MEDIUM,"AV:N/AC:M/Au:N/C:N/I:P/A:N","cpe:2.3:a:verity:verity_ultraseek:5.3.3:*:*:*:*:*:*:*"
"Modified","CVE-2005-0516","NVD-CWE-Other",,,,,,,,,,,,,"nvd@nist.gov",7.5,HIGH,"AV:N/AC:L/Au:N/C:P/I:P/A:P","cpe:2.3:a:twiki:imagegalleryplugin:*:*:*:*:*:*:*:*"
"Modified","CVE-2005-0517","NVD-CWE-Other",,,,,,,,,,,,,"nvd@nist.gov",2.1,LOW,"AV:L/AC:L/Au:N/C:P/I:N/A:N","cpe:2.3:a:peerftp_5:peerftp_5:*:*:*:*:*:*:*:*"
"Modified","CVE-2005-0518","NVD-CWE-Other",,,,,,,,,,,,,"nvd@nist.gov",2.1,LOW,"AV:L/AC:L/Au:N/C:P/I:N/A:N","cpe:2.3:a:exeem:exeem:0.21:*:*:*:*:*:*:*"
"Modified","CVE-2005-0519","NVD-CWE-Other",,,,,,,,,,,,,"nvd@nist.gov",10,CRITICAL,"AV:N/AC:L/Au:N/C:C/I:C/A:C","cpe:2.3:a:argosoft:ftp_server:1.4.1.1:*:*:*:*:*:*:*" "cpe:2.3:a:argosoft:ftp_server:1.4.1.2:*:*:*:*:*:*:*" "cpe:2.3:a:argosoft:ftp_server:1.4.1.3:*:*:*:*:*:*:*" "cpe:2.3:a:argosoft:ftp_server:1.4.1.4:*:*:*:*:*:*:*" "cpe:2.3:a:argosoft:ftp_server:1.4.1.5:*:*:*:*:*:*:*" "cpe:2.3:a:argosoft:ftp_server:1.4.1.6:*:*:*:*:*:*:*" "cpe:2.3:a:argosoft:ftp_server:1.4.1.7:*:*:*:*:*:*:*" "cpe:2.3:a:argosoft:ftp_server:1.4.1.8:*:*:*:*:*:*:*" "cpe:2.3:a:argosoft:ftp_server:1.4.1.9:*:*:*:*:*:*:*" "cpe:2.3:a:argosoft:ftp_server:1.4.2:*:*:*:*:*:*:*" "cpe:2.3:a:argosoft:ftp_server:1.4.2.1:*:*:*:*:*:*:*" "cpe:2.3:a:argosoft:ftp_server:1.4.2.2:*:*:*:*:*:*:*"
"Modified","CVE-2005-0520","NVD-CWE-Other",,,,,,,,,,,,,"nvd@nist.gov",10,CRITICAL,"AV:N/AC:L/Au:N/C:C/I:C/A:C","cpe:2.3:a:argosoft:ftp_server:1.4.1.1:*:*:*:*:*:*:*" "cpe:2.3:a:argosoft:ftp_server:1.4.1.2:*:*:*:*:*:*:*" "cpe:2.3:a:argosoft:ftp_server:1.4.1.3:*:*:*:*:*:*:*" "cpe:2.3:a:argosoft:ftp_server:1.4.1.4:*:*:*:*:*:*:*" "cpe:2.3:a:argosoft:ftp_server:1.4.1.5:*:*:*:*:*:*:*" "cpe:2.3:a:argosoft:ftp_server:1.4.1.6:*:*:*:*:*:*:*" "cpe:2.3:a:argosoft:ftp_server:1.4.1.7:*:*:*:*:*:*:*" "cpe:2.3:a:argosoft:ftp_server:1.4.1.8:*:*:*:*:*:*:*" "cpe:2.3:a:argosoft:ftp_server:1.4.1.9:*:*:*:*:*:*:*" "cpe:2.3:a:argosoft:ftp_server:1.4.2:*:*:*:*:*:*:*" "cpe:2.3:a:argosoft:ftp_server:1.4.2.1:*:*:*:*:*:*:*" "cpe:2.3:a:argosoft:ftp_server:1.4.2.2:*:*:*:*:*:*:*"
"Modified","CVE-2005-0521","NVD-CWE-Other",,,,,,,,,,,,,"nvd@nist.gov",2.1,LOW,"AV:L/AC:L/Au:N/C:P/I:N/A:N","cpe:2.3:a:sendlink:sendlink:1.5:*:*:*:*:*:*:*"
"Modified","CVE-2005-0535","NVD-CWE-Other",,,,,,,,,,,,,"nvd@nist.gov",7.5,HIGH,"AV:N/AC:L/Au:N/C:P/I:P/A:P","cpe:2.3:a:mediawiki:mediawiki:1.3:*:*:*:*:*:*:*" "cpe:2.3:a:mediawiki:mediawiki:1.3.1:*:*:*:*:*:*:*" "cpe:2.3:a:mediawiki:mediawiki:1.3.2:*:*:*:*:*:*:*" "cpe:2.3:a:mediawiki:mediawiki:1.3.3:*:*:*:*:*:*:*" "cpe:2.3:a:mediawiki:mediawiki:1.3.4:*:*:*:*:*:*:*" "cpe:2.3:a:mediawiki:mediawiki:1.3.5:*:*:*:*:*:*:*" "cpe:2.3:a:mediawiki:mediawiki:1.3.6:*:*:*:*:*:*:*" "cpe:2.3:a:mediawiki:mediawiki:1.3.7:*:*:*:*:*:*:*" "cpe:2.3:a:mediawiki:mediawiki:1.3.8:*:*:*:*:*:*:*" "cpe:2.3:a:mediawiki:mediawiki:1.3.9:*:*:*:*:*:*:*" "cpe:2.3:a:mediawiki:mediawiki:1.3.10:*:*:*:*:*:*:*" "cpe:2.3:o:gentoo:linux:*:*:*:*:*:*:*:*"
"Modified","CVE-2005-0537","NVD-CWE-Other",,,,,,,,,,,,,"nvd@nist.gov",7.5,HIGH,"AV:N/AC:L/Au:N/C:P/I:P/A:P","cpe:2.3:a:igeneric:free_shopping_cart:1.2:*:*:*:*:*:*:*"
"Modified","CVE-2005-0543","CWE-79",,,,,,,,,,,,,"nvd@nist.gov",4.3,MEDIUM,"AV:N/AC:M/Au:N/C:N/I:P/A:N","cpe:2.3:a:phpmyadmin:phpmyadmin:2.6.0_pl2:*:*:*:*:*:*:*" "cpe:2.3:a:phpmyadmin:phpmyadmin:2.6.0_pl3:*:*:*:*:*:*:*" "cpe:2.3:a:phpmyadmin:phpmyadmin:2.6.1:*:*:*:*:*:*:*" "cpe:2.3:a:phpmyadmin:phpmyadmin:2.6.1_rc1:*:*:*:*:*:*:*"
"Modified","CVE-2005-0547","NVD-CWE-Other",,,,,,,,,,,,,"nvd@nist.gov",4.6,MEDIUM,"AV:L/AC:L/Au:N/C:P/I:P/A:P","cpe:2.3:o:hp:hp-ux:11.00:*:*:*:*:*:*:*" "cpe:2.3:o:hp:hp-ux:11.4:*:*:*:*:*:*:*" "cpe:2.3:o:hp:hp-ux:11.11:*:*:*:*:*:*:*" "cpe:2.3:o:hp:hp-ux:11.22:*:*:*:*:*:*:*" "cpe:2.3:o:hp:hp-ux:11.23:*:ia64_64-bit:*:*:*:*:*"
"Modified","CVE-2005-0579","NVD-CWE-Other",,,,,,,,,,,,,"nvd@nist.gov",4.6,MEDIUM,"AV:L/AC:L/Au:N/C:P/I:P/A:P","cpe:2.3:a:freenx:freenx:0.2.0:*:*:*:*:*:*:*" "cpe:2.3:a:freenx:freenx:0.2.1:*:*:*:*:*:*:*" "cpe:2.3:a:freenx:freenx:0.2.2:*:*:*:*:*:*:*" "cpe:2.3:a:freenx:freenx:0.2.3:*:*:*:*:*:*:*" "cpe:2.3:a:freenx:freenx:0.2.4:*:*:*:*:*:*:*" "cpe:2.3:a:freenx:freenx:0.2.5:*:*:*:*:*:*:*" "cpe:2.3:a:freenx:freenx:0.2.6:*:*:*:*:*:*:*" "cpe:2.3:a:freenx:freenx:0.2.7:*:*:*:*:*:*:*"
"Modified","CVE-2005-0580","NVD-CWE-Other",,,,,,,,,,,,,"nvd@nist.gov",2.1,LOW,"AV:L/AC:L/Au:N/C:P/I:N/A:N","cpe:2.3:a:krzysztof_dabrowski:cmd5checkpw:0.20:*:*:*:*:*:*:*" "cpe:2.3:a:krzysztof_dabrowski:cmd5checkpw:0.21:*:*:*:*:*:*:*" "cpe:2.3:a:krzysztof_dabrowski:cmd5checkpw:0.22:*:*:*:*:*:*:*"
"Modified","CVE-2005-0598","NVD-CWE-Other",,,,,,,,,,,,,"nvd@nist.gov",5,MEDIUM,"AV:N/AC:L/Au:N/C:N/I:N/A:P","cpe:2.3:a:cisco:application_and_content_networking_software:\\(acns\\):*:*:*:*:*:*:*" "cpe:2.3:a:cisco:application_and_content_networking_software:4.0.3:*:*:*:*:*:*:*" "cpe:2.3:a:cisco:application_and_content_networking_software:4.1.1:*:*:*:*:*:*:*" "cpe:2.3:a:cisco:application_and_content_networking_software:4.1.3:*:*:*:*:*:*:*" "cpe:2.3:a:cisco:application_and_content_networking_software:4.2:*:*:*:*:*:*:*" "cpe:2.3:a:cisco:application_and_content_networking_software:4.2.9:*:*:*:*:*:*:*" "cpe:2.3:a:cisco:application_and_content_networking_software:4.2.11:*:*:*:*:*:*:*" "cpe:2.3:a:cisco:application_and_content_networking_software:5.0:*:*:*:*:*:*:*" "cpe:2.3:a:cisco:application_and_content_networking_software:5.0.1:*:*:*:*:*:*:*" "cpe:2.3:a:cisco:application_and_content_networking_software:5.0.3:*:*:*:*:*:*:*" "cpe:2.3:a:cisco:application_and_content_networking_software:5.0.5:*:*:*:*:*:*:*" "cpe:2.3:a:cisco:application_and_content_networking_software:5.1:*:*:*:*:*:*:*" "cpe:2.3:a:cisco:content_delivery_manager:4630:*:*:*:*:*:*:*" "cpe:2.3:a:cisco:content_delivery_manager:4650:*:*:*:*:*:*:*" "cpe:2.3:a:cisco:content_distribution_manager_4630:*:*:*:*:*:*:*:*" "cpe:2.3:a:cisco:content_distribution_manager_4630:4.0:*:*:*:*:*:*:*" "cpe:2.3:a:cisco:content_distribution_manager_4630:4.1:*:*:*:*:*:*:*" "cpe:2.3:a:cisco:content_distribution_manager_4650:*:*:*:*:*:*:*:*" "cpe:2.3:a:cisco:content_distribution_manager_4650:4.0:*:*:*:*:*:*:*" "cpe:2.3:a:cisco:content_distribution_manager_4650:4.1:*:*:*:*:*:*:*" "cpe:2.3:a:cisco:content_distribution_manager_4670:*:*:*:*:*:*:*:*" "cpe:2.3:a:cisco:content_engine:507:*:*:*:*:*:*:*" "cpe:2.3:a:cisco:content_engine:507_2.2_.0:*:*:*:*:*:*:*" "cpe:2.3:a:cisco:content_engine:507_3.1:*:*:*:*:*:*:*" "cpe:2.3:a:cisco:content_engine:507_4.0:*:*:*:*:*:*:*" "cpe:2.3:a:cisco:content_engine:507_4.1:*:*:*:*:*:*:*" "cpe:2.3:a:cisco:content_engine:510:*:*:*:*:*:*:*" "cpe:2.3:a:cisco:content_engine:560:*:*:*:*:*:*:*" "cpe:2.3:a:cisco:content_engine:560_2.2_.0:*:*:*:*:*:*:*" "cpe:2.3:a:cisco:content_engine:560_3.1:*:*:*:*:*:*:*" "cpe:2.3:a:cisco:content_engine:560_4.0:*:*:*:*:*:*:*" "cpe:2.3:a:cisco:content_engine:560_4.1:*:*:*:*:*:*:*" "cpe:2.3:a:cisco:content_engine:565:*:*:*:*:*:*:*" "cpe:2.3:a:cisco:content_engine:590:*:*:*:*:*:*:*" "cpe:2.3:a:cisco:content_engine:590_2.2_.0:*:*:*:*:*:*:*" "cpe:2.3:a:cisco:content_engine:590_3.1:*:*:*:*:*:*:*" "cpe:2.3:a:cisco:content_engine:590_4.0:*:*:*:*:*:*:*" "cpe:2.3:a:cisco:content_engine:590_4.1:*:*:*:*:*:*:*" "cpe:2.3:a:cisco:content_engine:7320:*:*:*:*:*:*:*" "cpe:2.3:a:cisco:content_engine:7320_2.2_.0:*:*:*:*:*:*:*" "cpe:2.3:a:cisco:content_engine:7320_3.1:*:*:*:*:*:*:*" "cpe:2.3:a:cisco:content_engine:7320_4.0:*:*:*:*:*:*:*" "cpe:2.3:a:cisco:content_engine:7320_4.1:*:*:*:*:*:*:*" "cpe:2.3:a:cisco:content_engine:7325:*:*:*:*:*:*:*" "cpe:2.3:a:cisco:content_engine_module_for_cisco_router:2600_series:*:*:*:*:*:*:*" "cpe:2.3:a:cisco:content_engine_module_for_cisco_router:2800_series:*:*:*:*:*:*:*" "cpe:2.3:a:cisco:content_engine_module_for_cisco_router:3600_series:*:*:*:*:*:*:*" "cpe:2.3:a:cisco:content_engine_module_for_cisco_router:3700_series:*:*:*:*:*:*:*" "cpe:2.3:a:cisco:content_engine_module_for_cisco_router:3800_series:*:*:*:*:*:*:*" "cpe:2.3:a:cisco:enterprise_content_delivery_network_software:4.0:*:*:*:*:*:*:*" "cpe:2.3:a:cisco:enterprise_content_delivery_network_software:4.1:*:*:*:*:*:*:*" "cpe:2.3:h:cisco:content_router_4430:*:*:*:*:*:*:*:*" "cpe:2.3:h:cisco:content_router_4450:*:*:*:*:*:*:*:*"
"Modified","CVE-2005-0600","NVD-CWE-Other",,,,,,,,,,,,,"nvd@nist.gov",5,MEDIUM,"AV:N/AC:L/Au:N/C:N/I:N/A:P","cpe:2.3:a:cisco:application_and_content_networking_software:\\(acns\\):*:*:*:*:*:*:*" "cpe:2.3:a:cisco:application_and_content_networking_software:4.0.3:*:*:*:*:*:*:*" "cpe:2.3:a:cisco:application_and_content_networking_software:4.1.1:*:*:*:*:*:*:*" "cpe:2.3:a:cisco:application_and_content_networking_software:4.1.3:*:*:*:*:*:*:*" "cpe:2.3:a:cisco:application_and_content_networking_software:4.2:*:*:*:*:*:*:*" "cpe:2.3:a:cisco:application_and_content_networking_software:4.2.9:*:*:*:*:*:*:*" "cpe:2.3:a:cisco:application_and_content_networking_software:4.2.11:*:*:*:*:*:*:*" "cpe:2.3:a:cisco:application_and_content_networking_software:5.0:*:*:*:*:*:*:*" "cpe:2.3:a:cisco:application_and_content_networking_software:5.0.1:*:*:*:*:*:*:*" "cpe:2.3:a:cisco:application_and_content_networking_software:5.0.3:*:*:*:*:*:*:*" "cpe:2.3:a:cisco:application_and_content_networking_software:5.0.5:*:*:*:*:*:*:*" "cpe:2.3:a:cisco:application_and_content_networking_software:5.1:*:*:*:*:*:*:*" "cpe:2.3:a:cisco:content_delivery_manager:4630:*:*:*:*:*:*:*" "cpe:2.3:a:cisco:content_delivery_manager:4650:*:*:*:*:*:*:*" "cpe:2.3:a:cisco:content_distribution_manager_4630:*:*:*:*:*:*:*:*" "cpe:2.3:a:cisco:content_distribution_manager_4630:4.0:*:*:*:*:*:*:*" "cpe:2.3:a:cisco:content_distribution_manager_4630:4.1:*:*:*:*:*:*:*" "cpe:2.3:a:cisco:content_distribution_manager_4650:*:*:*:*:*:*:*:*" "cpe:2.3:a:cisco:content_distribution_manager_4650:4.0:*:*:*:*:*:*:*" "cpe:2.3:a:cisco:content_distribution_manager_4650:4.1:*:*:*:*:*:*:*" "cpe:2.3:a:cisco:content_distribution_manager_4670:*:*:*:*:*:*:*:*" "cpe:2.3:a:cisco:content_engine:507:*:*:*:*:*:*:*" "cpe:2.3:a:cisco:content_engine:507_2.2_.0:*:*:*:*:*:*:*" "cpe:2.3:a:cisco:content_engine:507_3.1:*:*:*:*:*:*:*" "cpe:2.3:a:cisco:content_engine:507_4.0:*:*:*:*:*:*:*" "cpe:2.3:a:cisco:content_engine:507_4.1:*:*:*:*:*:*:*" "cpe:2.3:a:cisco:content_engine:510:*:*:*:*:*:*:*" "cpe:2.3:a:cisco:content_engine:560:*:*:*:*:*:*:*" "cpe:2.3:a:cisco:content_engine:560_2.2_.0:*:*:*:*:*:*:*" "cpe:2.3:a:cisco:content_engine:560_3.1:*:*:*:*:*:*:*" "cpe:2.3:a:cisco:content_engine:560_4.0:*:*:*:*:*:*:*" "cpe:2.3:a:cisco:content_engine:560_4.1:*:*:*:*:*:*:*" "cpe:2.3:a:cisco:content_engine:565:*:*:*:*:*:*:*" "cpe:2.3:a:cisco:content_engine:590:*:*:*:*:*:*:*" "cpe:2.3:a:cisco:content_engine:590_2.2_.0:*:*:*:*:*:*:*" "cpe:2.3:a:cisco:content_engine:590_3.1:*:*:*:*:*:*:*" "cpe:2.3:a:cisco:content_engine:590_4.0:*:*:*:*:*:*:*" "cpe:2.3:a:cisco:content_engine:590_4.1:*:*:*:*:*:*:*" "cpe:2.3:a:cisco:content_engine:7320:*:*:*:*:*:*:*" "cpe:2.3:a:cisco:content_engine:7320_2.2_.0:*:*:*:*:*:*:*" "cpe:2.3:a:cisco:content_engine:7320_3.1:*:*:*:*:*:*:*" "cpe:2.3:a:cisco:content_engine:7320_4.0:*:*:*:*:*:*:*" "cpe:2.3:a:cisco:content_engine:7320_4.1:*:*:*:*:*:*:*" "cpe:2.3:a:cisco:content_engine:7325:*:*:*:*:*:*:*" "cpe:2.3:a:cisco:content_engine_module_for_cisco_router:2600_series:*:*:*:*:*:*:*" "cpe:2.3:a:cisco:content_engine_module_for_cisco_router:2800_series:*:*:*:*:*:*:*" "cpe:2.3:a:cisco:content_engine_module_for_cisco_router:3600_series:*:*:*:*:*:*:*" "cpe:2.3:a:cisco:content_engine_module_for_cisco_router:3700_series:*:*:*:*:*:*:*" "cpe:2.3:a:cisco:content_engine_module_for_cisco_router:3800_series:*:*:*:*:*:*:*" "cpe:2.3:a:cisco:enterprise_content_delivery_network_software:4.0:*:*:*:*:*:*:*" "cpe:2.3:a:cisco:enterprise_content_delivery_network_software:4.1:*:*:*:*:*:*:*" "cpe:2.3:h:cisco:content_router_4430:*:*:*:*:*:*:*:*" "cpe:2.3:h:cisco:content_router_4450:*:*:*:*:*:*:*:*"
"Modified","CVE-2005-0603","NVD-CWE-Other",,,,,,,,,,,,,"nvd@nist.gov",5,MEDIUM,"AV:N/AC:L/Au:N/C:P/I:N/A:N","cpe:2.3:a:phpbb_group:phpbb:2.0.0:*:*:*:*:*:*:*" "cpe:2.3:a:phpbb_group:phpbb:2.0.1:*:*:*:*:*:*:*" "cpe:2.3:a:phpbb_group:phpbb:2.0.2:*:*:*:*:*:*:*" "cpe:2.3:a:phpbb_group:phpbb:2.0.3:*:*:*:*:*:*:*" "cpe:2.3:a:phpbb_group:phpbb:2.0.4:*:*:*:*:*:*:*" "cpe:2.3:a:phpbb_group:phpbb:2.0.5:*:*:*:*:*:*:*" "cpe:2.3:a:phpbb_group:phpbb:2.0.6:*:*:*:*:*:*:*" "cpe:2.3:a:phpbb_group:phpbb:2.0.6c:*:*:*:*:*:*:*" "cpe:2.3:a:phpbb_group:phpbb:2.0.6d:*:*:*:*:*:*:*" "cpe:2.3:a:phpbb_group:phpbb:2.0.7:*:*:*:*:*:*:*" "cpe:2.3:a:phpbb_group:phpbb:2.0.7a:*:*:*:*:*:*:*" "cpe:2.3:a:phpbb_group:phpbb:2.0.8:*:*:*:*:*:*:*" "cpe:2.3:a:phpbb_group:phpbb:2.0.8a:*:*:*:*:*:*:*" "cpe:2.3:a:phpbb_group:phpbb:2.0.9:*:*:*:*:*:*:*" "cpe:2.3:a:phpbb_group:phpbb:2.0.10:*:*:*:*:*:*:*" "cpe:2.3:a:phpbb_group:phpbb:2.0.11:*:*:*:*:*:*:*" "cpe:2.3:a:phpbb_group:phpbb:2.0_beta1:*:*:*:*:*:*:*" "cpe:2.3:a:phpbb_group:phpbb:2.0_rc1:*:*:*:*:*:*:*" "cpe:2.3:a:phpbb_group:phpbb:2.0_rc2:*:*:*:*:*:*:*" "cpe:2.3:a:phpbb_group:phpbb:2.0_rc3:*:*:*:*:*:*:*" "cpe:2.3:a:phpbb_group:phpbb:2.0_rc4:*:*:*:*:*:*:*"
"Modified","CVE-2005-0608","NVD-CWE-Other",,,,,,,,,,,,,"nvd@nist.gov",7.5,HIGH,"AV:N/AC:L/Au:N/C:P/I:P/A:P","cpe:2.3:a:webmod:webmod:0.47:*:*:*:*:*:*:*"
"Modified","CVE-2005-0613","NVD-CWE-Other",,,,,,,,,,,,,"nvd@nist.gov",5,MEDIUM,"AV:N/AC:L/Au:N/C:N/I:P/A:N","cpe:2.3:a:fckeditor:fckeditor:2.0_rc2:*:*:*:*:*:*:*"
"Modified","CVE-2005-0616","NVD-CWE-Other",,,,,,,,,,,,,"nvd@nist.gov",4.3,MEDIUM,"AV:N/AC:M/Au:N/C:N/I:P/A:N","cpe:2.3:a:postnuke_software_foundation:postnuke_phoenix:0.750:*:*:*:*:*:*:*" "cpe:2.3:a:postnuke_software_foundation:postnuke_phoenix:0.760_rc2:*:*:*:*:*:*:*"
"Modified","CVE-2005-0619","NVD-CWE-Other",,,,,,,,,,,,,"nvd@nist.gov",2.1,LOW,"AV:L/AC:L/Au:N/C:P/I:N/A:N","cpe:2.3:a:bfriendly.com:einstein:*:*:*:*:*:*:*:*"
"Modified","CVE-2005-0624","NVD-CWE-Other",,,,,,,,,,,,,"nvd@nist.gov",2.1,LOW,"AV:L/AC:L/Au:N/C:P/I:N/A:N","cpe:2.3:a:debian:reportbug:2.60:*:*:*:*:*:*:*" "cpe:2.3:a:debian:reportbug:2.61:*:*:*:*:*:*:*"
"Modified","CVE-2005-0625","NVD-CWE-Other",,,,,,,,,,,,,"nvd@nist.gov",2.1,LOW,"AV:L/AC:L/Au:N/C:P/I:N/A:N","cpe:2.3:a:debian:reportbug:2.60:*:*:*:*:*:*:*" "cpe:2.3:a:debian:reportbug:2.61:*:*:*:*:*:*:*" "cpe:2.3:a:debian:reportbug:3.2:*:*:*:*:*:*:*"
"Modified","CVE-2005-0937","NVD-CWE-Other",,,,,,,,,,,,,"nvd@nist.gov",1.2,LOW,"AV:L/AC:H/Au:N/C:N/I:N/A:P","cpe:2.3:o:linux:linux_kernel:2.5.0:*:*:*:*:*:*:*" "cpe:2.3:o:linux:linux_kernel:2.5.1:*:*:*:*:*:*:*" "cpe:2.3:o:linux:linux_kernel:2.5.2:*:*:*:*:*:*:*" "cpe:2.3:o:linux:linux_kernel:2.5.3:*:*:*:*:*:*:*" "cpe:2.3:o:linux:linux_kernel:2.5.4:*:*:*:*:*:*:*" "cpe:2.3:o:linux:linux_kernel:2.5.5:*:*:*:*:*:*:*" "cpe:2.3:o:linux:linux_kernel:2.5.6:*:*:*:*:*:*:*" "cpe:2.3:o:linux:linux_kernel:2.5.7:*:*:*:*:*:*:*" "cpe:2.3:o:linux:linux_kernel:2.5.8:*:*:*:*:*:*:*" "cpe:2.3:o:linux:linux_kernel:2.5.9:*:*:*:*:*:*:*" "cpe:2.3:o:linux:linux_kernel:2.5.10:*:*:*:*:*:*:*" "cpe:2.3:o:linux:linux_kernel:2.5.11:*:*:*:*:*:*:*" "cpe:2.3:o:linux:linux_kernel:2.5.12:*:*:*:*:*:*:*" "cpe:2.3:o:linux:linux_kernel:2.5.13:*:*:*:*:*:*:*" "cpe:2.3:o:linux:linux_kernel:2.5.14:*:*:*:*:*:*:*" "cpe:2.3:o:linux:linux_kernel:2.5.15:*:*:*:*:*:*:*" "cpe:2.3:o:linux:linux_kernel:2.5.16:*:*:*:*:*:*:*" "cpe:2.3:o:linux:linux_kernel:2.5.17:*:*:*:*:*:*:*" "cpe:2.3:o:linux:linux_kernel:2.5.18:*:*:*:*:*:*:*" "cpe:2.3:o:linux:linux_kernel:2.5.19:*:*:*:*:*:*:*" "cpe:2.3:o:linux:linux_kernel:2.5.20:*:*:*:*:*:*:*" "cpe:2.3:o:linux:linux_kernel:2.5.21:*:*:*:*:*:*:*" "cpe:2.3:o:linux:linux_kernel:2.5.22:*:*:*:*:*:*:*" "cpe:2.3:o:linux:linux_kernel:2.5.23:*:*:*:*:*:*:*" "cpe:2.3:o:linux:linux_kernel:2.5.24:*:*:*:*:*:*:*" "cpe:2.3:o:linux:linux_kernel:2.5.25:*:*:*:*:*:*:*" "cpe:2.3:o:linux:linux_kernel:2.5.26:*:*:*:*:*:*:*" "cpe:2.3:o:linux:linux_kernel:2.5.27:*:*:*:*:*:*:*" "cpe:2.3:o:linux:linux_kernel:2.5.28:*:*:*:*:*:*:*" "cpe:2.3:o:linux:linux_kernel:2.5.29:*:*:*:*:*:*:*" "cpe:2.3:o:linux:linux_kernel:2.5.30:*:*:*:*:*:*:*" "cpe:2.3:o:linux:linux_kernel:2.5.31:*:*:*:*:*:*:*" "cpe:2.3:o:linux:linux_kernel:2.5.32:*:*:*:*:*:*:*" "cpe:2.3:o:linux:linux_kernel:2.5.33:*:*:*:*:*:*:*" "cpe:2.3:o:linux:linux_kernel:2.5.34:*:*:*:*:*:*:*" "cpe:2.3:o:linux:linux_kernel:2.5.35:*:*:*:*:*:*:*" "cpe:2.3:o:linux:linux_kernel:2.5.36:*:*:*:*:*:*:*" "cpe:2.3:o:linux:linux_kernel:2.5.37:*:*:*:*:*:*:*" "cpe:2.3:o:linux:linux_kernel:2.5.38:*:*:*:*:*:*:*" "cpe:2.3:o:linux:linux_kernel:2.5.39:*:*:*:*:*:*:*" "cpe:2.3:o:linux:linux_kernel:2.5.40:*:*:*:*:*:*:*" "cpe:2.3:o:linux:linux_kernel:2.5.41:*:*:*:*:*:*:*" "cpe:2.3:o:linux:linux_kernel:2.5.42:*:*:*:*:*:*:*" "cpe:2.3:o:linux:linux_kernel:2.5.43:*:*:*:*:*:*:*" "cpe:2.3:o:linux:linux_kernel:2.5.44:*:*:*:*:*:*:*" "cpe:2.3:o:linux:linux_kernel:2.5.45:*:*:*:*:*:*:*" "cpe:2.3:o:linux:linux_kernel:2.5.46:*:*:*:*:*:*:*" "cpe:2.3:o:linux:linux_kernel:2.5.47:*:*:*:*:*:*:*" "cpe:2.3:o:linux:linux_kernel:2.5.48:*:*:*:*:*:*:*" "cpe:2.3:o:linux:linux_kernel:2.5.49:*:*:*:*:*:*:*" "cpe:2.3:o:linux:linux_kernel:2.5.50:*:*:*:*:*:*:*" "cpe:2.3:o:linux:linux_kernel:2.5.51:*:*:*:*:*:*:*" "cpe:2.3:o:linux:linux_kernel:2.5.52:*:*:*:*:*:*:*" "cpe:2.3:o:linux:linux_kernel:2.5.53:*:*:*:*:*:*:*" "cpe:2.3:o:linux:linux_kernel:2.5.54:*:*:*:*:*:*:*" "cpe:2.3:o:linux:linux_kernel:2.5.55:*:*:*:*:*:*:*" "cpe:2.3:o:linux:linux_kernel:2.5.56:*:*:*:*:*:*:*" "cpe:2.3:o:linux:linux_kernel:2.5.57:*:*:*:*:*:*:*" "cpe:2.3:o:linux:linux_kernel:2.5.58:*:*:*:*:*:*:*" "cpe:2.3:o:linux:linux_kernel:2.5.59:*:*:*:*:*:*:*" "cpe:2.3:o:linux:linux_kernel:2.5.60:*:*:*:*:*:*:*" "cpe:2.3:o:linux:linux_kernel:2.5.61:*:*:*:*:*:*:*" "cpe:2.3:o:linux:linux_kernel:2.5.62:*:*:*:*:*:*:*" "cpe:2.3:o:linux:linux_kernel:2.5.63:*:*:*:*:*:*:*" "cpe:2.3:o:linux:linux_kernel:2.5.64:*:*:*:*:*:*:*" "cpe:2.3:o:linux:linux_kernel:2.5.65:*:*:*:*:*:*:*" "cpe:2.3:o:linux:linux_kernel:2.5.66:*:*:*:*:*:*:*" "cpe:2.3:o:linux:linux_kernel:2.5.67:*:*:*:*:*:*:*" "cpe:2.3:o:linux:linux_kernel:2.5.68:*:*:*:*:*:*:*" "cpe:2.3:o:linux:linux_kernel:2.5.69:*:*:*:*:*:*:*" "cpe:2.3:o:linux:linux_kernel:2.6.0:*:*:*:*:*:*:*" "cpe:2.3:o:linux:linux_kernel:2.6.0:test1:*:*:*:*:*:*" "cpe:2.3:o:linux:linux_kernel:2.6.0:test10:*:*:*:*:*:*" "cpe:2.3:o:linux:linux_kernel:2.6.0:test11:*:*:*:*:*:*" "cpe:2.3:o:linux:linux_kernel:2.6.0:test2:*:*:*:*:*:*" "cpe:2.3:o:linux:linux_kernel:2.6.0:test3:*:*:*:*:*:*" "cpe:2.3:o:linux:linux_kernel:2.6.0:test4:*:*:*:*:*:*" "cpe:2.3:o:linux:linux_kernel:2.6.0:test5:*:*:*:*:*:*" "cpe:2.3:o:linux:linux_kernel:2.6.0:test6:*:*:*:*:*:*" "cpe:2.3:o:linux:linux_kernel:2.6.0:test7:*:*:*:*:*:*" "cpe:2.3:o:linux:linux_kernel:2.6.0:test8:*:*:*:*:*:*" "cpe:2.3:o:linux:linux_kernel:2.6.0:test9:*:*:*:*:*:*" "cpe:2.3:o:linux:linux_kernel:2.6.1:*:*:*:*:*:*:*" "cpe:2.3:o:linux:linux_kernel:2.6.1:rc1:*:*:*:*:*:*" "cpe:2.3:o:linux:linux_kernel:2.6.1:rc2:*:*:*:*:*:*" "cpe:2.3:o:linux:linux_kernel:2.6.2:*:*:*:*:*:*:*" "cpe:2.3:o:linux:linux_kernel:2.6.3:*:*:*:*:*:*:*" "cpe:2.3:o:linux:linux_kernel:2.6.4:*:*:*:*:*:*:*" "cpe:2.3:o:linux:linux_kernel:2.6.5:*:*:*:*:*:*:*" "cpe:2.3:o:linux:linux_kernel:2.6.6:*:*:*:*:*:*:*" "cpe:2.3:o:linux:linux_kernel:2.6.6:rc1:*:*:*:*:*:*" "cpe:2.3:o:linux:linux_kernel:2.6.7:*:*:*:*:*:*:*" "cpe:2.3:o:linux:linux_kernel:2.6.7:rc1:*:*:*:*:*:*" "cpe:2.3:o:linux:linux_kernel:2.6.8:*:*:*:*:*:*:*" "cpe:2.3:o:linux:linux_kernel:2.6.8:rc1:*:*:*:*:*:*" "cpe:2.3:o:linux:linux_kernel:2.6.8:rc2:*:*:*:*:*:*" "cpe:2.3:o:linux:linux_kernel:2.6.8:rc3:*:*:*:*:*:*" "cpe:2.3:o:linux:linux_kernel:2.6.9:2.6.20:*:*:*:*:*:*" "cpe:2.3:o:linux:linux_kernel:2.6.10:*:*:*:*:*:*:*" "cpe:2.3:o:linux:linux_kernel:2.6.10:rc2:*:*:*:*:*:*" "cpe:2.3:o:linux:linux_kernel:2.6.11:*:*:*:*:*:*:*" "cpe:2.3:o:linux:linux_kernel:2.6.11:rc2:*:*:*:*:*:*" "cpe:2.3:o:linux:linux_kernel:2.6.11:rc3:*:*:*:*:*:*" "cpe:2.3:o:linux:linux_kernel:2.6.11:rc4:*:*:*:*:*:*" "cpe:2.3:o:linux:linux_kernel:2.6.11.5:*:*:*:*:*:*:*" "cpe:2.3:o:linux:linux_kernel:2.6.11.6:*:*:*:*:*:*:*" "cpe:2.3:o:linux:linux_kernel:2.6_test9_cvs:*:*:*:*:*:*:*"
null,null,,,,,,,,,,,,,,,,,,
